{"type": "FeatureCollection", "features": [{"type": "Feature", "properties": {"name": "Camino del Norte (Irun -> Santiago)", "source": "OSM relation 19001007 (Irun->Arzua, via hiking.waymarkedtrails.org) + 60-pt approximation (Arzua->Santiago)", "license": "Coastal portion: ODbL https://www.openstreetmap.org/copyright"}, "geometry": {"type": "LineString", "coordinates": [[-1.7894812, 43.3394011], [-1.7970609, 43.3409254], [-1.7978862, 43.3412959], [-1.7991833, 43.342488], [-1.801003, 43.3450258], [-1.801533, 43.3450733], [-1.8013572, 43.3454188], [-1.8018791, 43.3460296], [-1.7997853, 43.349707], [-1.7985232, 43.3510418], [-1.7987873, 43.3511335], [-1.7991387, 43.3508237], [-1.8008395, 43.3514023], [-1.8033701, 43.3510727], [-1.8040764, 43.351236], [-1.8038197, 43.3516562], [-1.8066682, 43.3531155], [-1.8082038, 43.3548709], [-1.8084666, 43.355548], [-1.8081067, 43.3568177], [-1.8082242, 43.358085], [-1.8097553, 43.3587958], [-1.8107006, 43.3589157], [-1.8114947, 43.3596482], [-1.8123823, 43.359605], [-1.8133837, 43.360079], [-1.8138085, 43.361116], [-1.8137293, 43.3620775], [-1.8169491, 43.3625224], [-1.8165745, 43.3631168], [-1.8171485, 43.3633107], [-1.8169431, 43.363655], [-1.8184062, 43.3639264], [-1.8190266, 43.3645639], [-1.8204665, 43.3650525], [-1.8211662, 43.3657898], [-1.8212204, 43.3668042], [-1.8213975, 43.3668292], [-1.8244675, 43.3657755], [-1.824386, 43.365171], [-1.824815, 43.364284], [-1.824532, 43.363374], [-1.825886, 43.362942], [-1.826415, 43.362352], [-1.826525, 43.361591], [-1.827711, 43.360706], [-1.828475, 43.359686], [-1.83244, 43.35791], [-1.83411, 43.356331], [-1.836183, 43.356134], [-1.837211, 43.355686], [-1.837736, 43.354538], [-1.837399, 43.352935], [-1.837533, 43.352538], [-1.839648, 43.351572], [-1.840086, 43.351131], [-1.840506, 43.349684], [-1.841667, 43.349294], [-1.842631, 43.348126], [-1.843735, 43.347603], [-1.844053, 43.347035], [-1.844097, 43.346154], [-1.845123, 43.345936], [-1.845549, 43.345544], [-1.845964, 43.343951], [-1.848341, 43.344207], [-1.848825, 43.341727], [-1.850859, 43.341734], [-1.850934, 43.341224], [-1.851484, 43.3405], [-1.850923, 43.3390879], [-1.851492, 43.338583], [-1.8533225, 43.3384855], [-1.8543114, 43.3378623], [-1.8562189, 43.3374966], [-1.8578665, 43.338178], [-1.8584531, 43.3377055], [-1.8597325, 43.3382723], [-1.86105, 43.3376994], [-1.8623744, 43.3378828], [-1.8637794, 43.3365699], [-1.8652319, 43.3368836], [-1.8662635, 43.3363544], [-1.8684709, 43.3362184], [-1.8699448, 43.335637], [-1.8716741, 43.3355123], [-1.8727442, 43.3357108], [-1.8736691, 43.3350201], [-1.8757345, 43.3352376], [-1.879231, 43.3341728], [-1.8804234, 43.3335688], [-1.8828994, 43.3334207], [-1.8849683, 43.3327748], [-1.8872188, 43.3327285], [-1.8886017, 43.3315256], [-1.8905852, 43.3309077], [-1.8916131, 43.3309735], [-1.8926851, 43.3315498], [-1.893603, 43.3315498], [-1.8974306, 43.3305892], [-1.8979361, 43.3309398], [-1.8980743, 43.3315491], [-1.8995165, 43.3325887], [-1.9004093, 43.3318847], [-1.9013054, 43.331616], [-1.9041127, 43.3326168], [-1.9073163, 43.3322807], [-1.909193, 43.3313463], [-1.9124753, 43.3307568], [-1.9140893, 43.3301359], [-1.9143019, 43.329995], [-1.913738, 43.3298838], [-1.9140591, 43.3291056], [-1.915018, 43.3284986], [-1.9166256, 43.3284572], [-1.9187466, 43.3289641], [-1.9198861, 43.3284892], [-1.9207393, 43.3284801], [-1.9209059, 43.3280649], [-1.921478, 43.3282784], [-1.9212612, 43.3278524], [-1.9196679, 43.327005], [-1.9200034, 43.3261484], [-1.9201935, 43.3263934], [-1.9217954, 43.3262985], [-1.9227032, 43.3270126], [-1.9231886, 43.3278701], [-1.923167, 43.3283221], [-1.9237907, 43.328782], [-1.9255064, 43.3288401], [-1.9262233, 43.3291655], [-1.9256778, 43.3305061], [-1.9257094, 43.3318585], [-1.9267188, 43.3317836], [-1.9265042, 43.3314455], [-1.9273746, 43.3309691], [-1.9271684, 43.3308579], [-1.9274048, 43.3308047], [-1.9273088, 43.3305887], [-1.928135, 43.3304205], [-1.9291526, 43.3309313], [-1.9320032, 43.3315727], [-1.9333299, 43.3323971], [-1.9341417, 43.3334193], [-1.9357097, 43.3331593], [-1.9363773, 43.3325572], [-1.9363226, 43.3321227], [-1.9365291, 43.3320115], [-1.9374692, 43.3326871], [-1.9379904, 43.3326075], [-1.9383866, 43.3331109], [-1.9395468, 43.333229], [-1.9399358, 43.3328898], [-1.9404421, 43.3332749], [-1.9410582, 43.3330943], [-1.9423155, 43.3318207], [-1.9433252, 43.3313964], [-1.9438781, 43.3305723], [-1.9444005, 43.3304594], [-1.9445408, 43.3300508], [-1.9452516, 43.33006], [-1.9456469, 43.328713], [-1.9450824, 43.3285099], [-1.9457471, 43.3282302], [-1.9474108, 43.3282889], [-1.9479344, 43.3276543], [-1.9517615, 43.3278347], [-1.9529146, 43.3276739], [-1.9547504, 43.3282603], [-1.9561206, 43.3290346], [-1.9576683, 43.3291105], [-1.9601546, 43.3285428], [-1.9633096, 43.3293405], [-1.9643038, 43.3297585], [-1.9647007, 43.3302645], [-1.966853, 43.3310726], [-1.9699097, 43.3308804], [-1.9702654, 43.3306418], [-1.970286, 43.3302182], [-1.9686545, 43.329263], [-1.96834, 43.3281917], [-1.9696462, 43.3268462], [-1.9709502, 43.3260602], [-1.9719968, 43.3267613], [-1.9764657, 43.3251207], [-1.9801953, 43.3249819], [-1.979408, 43.3238249], [-1.9854205, 43.3221166], [-1.9849843, 43.321385], [-1.9861565, 43.3209417], [-1.9850495, 43.3202249], [-1.9850119, 43.3188433], [-1.9863361, 43.3172415], [-1.9891931, 43.3152222], [-1.9925541, 43.3145855], [-1.9960277, 43.3145773], [-1.9974922, 43.3148974], [-1.9981063, 43.3154032], [-2.0025138, 43.3162986], [-2.0050842, 43.3176378], [-2.0058107, 43.3175979], [-2.0056751, 43.3167098], [-2.0063915, 43.315568], [-2.0076489, 43.316244], [-2.008025, 43.3161206], [-2.0081284, 43.3164328], [-2.0078713, 43.3165303], [-2.0080804, 43.3167152], [-2.0076811, 43.3170465], [-2.0084088, 43.3172745], [-2.0101695, 43.3166163], [-2.0102531, 43.316222], [-2.0100032, 43.3158368], [-2.0109158, 43.3155264], [-2.0121456, 43.3160117], [-2.0141907, 43.3173931], [-2.016261, 43.3179289], [-2.0175223, 43.3192347], [-2.018396, 43.3186923], [-2.0198721, 43.3185199], [-2.0209693, 43.3174641], [-2.0213566, 43.3167178], [-2.0218623, 43.3164446], [-2.0236221, 43.3163613], [-2.0270741, 43.3149056], [-2.0275477, 43.3151752], [-2.0280532, 43.3149058], [-2.0296153, 43.3148967], [-2.0323431, 43.3132067], [-2.033557, 43.3130863], [-2.0385598, 43.3117476], [-2.0396396, 43.3119024], [-2.0418487, 43.3108879], [-2.0421811, 43.3098947], [-2.0436143, 43.3093578], [-2.0434698, 43.309171], [-2.0438507, 43.3088733], [-2.0473749, 43.3074122], [-2.0522887, 43.3066512], [-2.0532554, 43.3068212], [-2.0551445, 43.3063877], [-2.0561175, 43.3064239], [-2.0581646, 43.3055523], [-2.0596439, 43.3053317], [-2.0610576, 43.3047792], [-2.061507, 43.3050296], [-2.0633655, 43.3044793], [-2.0642752, 43.3039529], [-2.0646794, 43.3032621], [-2.0650984, 43.3036629], [-2.0655098, 43.3036702], [-2.0705032, 43.302014], [-2.0711802, 43.302531], [-2.0725881, 43.3023152], [-2.0729956, 43.3025021], [-2.0732017, 43.3019148], [-2.074633, 43.3016564], [-2.0750009, 43.3010028], [-2.0768596, 43.3009962], [-2.0781819, 43.3005002], [-2.0787454, 43.3008971], [-2.0795975, 43.2992318], [-2.0809015, 43.3003015], [-2.081294, 43.2997245], [-2.0827205, 43.2988673], [-2.0832341, 43.298848], [-2.0846671, 43.2978547], [-2.0859166, 43.2980317], [-2.0867617, 43.2971603], [-2.0885307, 43.2961522], [-2.0894883, 43.2960461], [-2.0899783, 43.2964638], [-2.0905347, 43.2962315], [-2.0903182, 43.2960678], [-2.0906979, 43.2957356], [-2.0925756, 43.294762], [-2.0930521, 43.2947301], [-2.0937186, 43.2941834], [-2.0949475, 43.2937152], [-2.0959184, 43.2936769], [-2.0983268, 43.2925319], [-2.1009247, 43.2920133], [-2.1018648, 43.2911427], [-2.1037123, 43.2905724], [-2.1050708, 43.2897597], [-2.1061162, 43.2899401], [-2.1074852, 43.2895088], [-2.1083224, 43.289548], [-2.1092893, 43.2890505], [-2.1100633, 43.2890054], [-2.1108437, 43.2882021], [-2.1126209, 43.2879883], [-2.1129771, 43.2871639], [-2.1128726, 43.2862432], [-2.1130676, 43.2857326], [-2.1141655, 43.2846341], [-2.1146306, 43.2845404], [-2.1143969, 43.2840987], [-2.114703, 43.2831329], [-2.1154236, 43.2822898], [-2.1158528, 43.282123], [-2.1147854, 43.2816265], [-2.1128833, 43.2817716], [-2.1154565, 43.2804145], [-2.1172853, 43.280942], [-2.1180038, 43.2809145], [-2.1199046, 43.2797319], [-2.125002, 43.2780455], [-2.1253749, 43.2774661], [-2.1281048, 43.2762329], [-2.1279125, 43.2757414], [-2.1270271, 43.2760178], [-2.1269516, 43.2757186], [-2.1257837, 43.2758158], [-2.1255727, 43.2746438], [-2.1258193, 43.2742995], [-2.1298952, 43.2743953], [-2.1326726, 43.275194], [-2.1325182, 43.2756761], [-2.1333324, 43.276807], [-2.1337138, 43.2781818], [-2.13315, 43.2811811], [-2.1326618, 43.2822824], [-2.1320133, 43.2828369], [-2.1316641, 43.2835633], [-2.1319757, 43.2840944], [-2.1319129, 43.2849716], [-2.1371108, 43.2846245], [-2.1401749, 43.2851244], [-2.1421233, 43.2858492], [-2.1437161, 43.2871539], [-2.1447926, 43.2873112], [-2.145475, 43.2880466], [-2.1471006, 43.2871152], [-2.1486256, 43.2870559], [-2.1502035, 43.2878979], [-2.1509285, 43.2879211], [-2.1515669, 43.2869401], [-2.153061, 43.2859019], [-2.1532855, 43.2846763], [-2.1539642, 43.284478], [-2.1571053, 43.2843188], [-2.1597092, 43.2854723], [-2.1607752, 43.2856512], [-2.1667782, 43.2858342], [-2.1737379, 43.2866122], [-2.1740856, 43.2856478], [-2.1773456, 43.2863442], [-2.177996, 43.2850097], [-2.1791389, 43.2847016], [-2.1810018, 43.28556], [-2.1822862, 43.2869948], [-2.1825395, 43.2874535], [-2.1822891, 43.2885497], [-2.1834003, 43.2897934], [-2.1856375, 43.2904453], [-2.1884067, 43.2894159], [-2.1909352, 43.289425], [-2.1928894, 43.2897664], [-2.195142, 43.2913098], [-2.2022705, 43.2938379], [-2.2043596, 43.2935445], [-2.2052259, 43.2949237], [-2.2048151, 43.2970092], [-2.2062816, 43.2977442], [-2.2070765, 43.2975491], [-2.2069097, 43.298705], [-2.2075508, 43.2995257], [-2.2073569, 43.3004369], [-2.2067965, 43.3009769], [-2.2057166, 43.3012934], [-2.2047235, 43.3029823], [-2.2099385, 43.3025233], [-2.2111085, 43.3020388], [-2.2138201, 43.3026913], [-2.2179271, 43.3021098], [-2.2190635, 43.3023323], [-2.2222124, 43.3037586], [-2.2234479, 43.3033761], [-2.2248196, 43.3035536], [-2.2268845, 43.30326], [-2.2289352, 43.3034431], [-2.2301783, 43.3031986], [-2.2308108, 43.302382], [-2.2318914, 43.3000158], [-2.2335755, 43.2996887], [-2.2355386, 43.2998463], [-2.2388343, 43.299398], [-2.2401523, 43.2996931], [-2.241634, 43.3017698], [-2.2430882, 43.3020517], [-2.244975, 43.3009454], [-2.2450921, 43.3002462], [-2.2462015, 43.2989456], [-2.2467323, 43.2988363], [-2.2529863, 43.2940617], [-2.2551813, 43.2947715], [-2.2566149, 43.2964618], [-2.2575182, 43.2969791], [-2.2581766, 43.2965853], [-2.2601467, 43.2967872], [-2.2603262, 43.2962477], [-2.2620237, 43.2966101], [-2.2623667, 43.2963682], [-2.2633325, 43.2964907], [-2.2645837, 43.2959101], [-2.2659569, 43.2958797], [-2.2668832, 43.294373], [-2.2668724, 43.2933257], [-2.2677666, 43.2924559], [-2.2712632, 43.2915835], [-2.2731925, 43.2906008], [-2.2739339, 43.2904974], [-2.2748808, 43.2893206], [-2.2767273, 43.2877849], [-2.2788026, 43.2872526], [-2.280729, 43.2883861], [-2.2835135, 43.2885731], [-2.2849786, 43.2882373], [-2.287073, 43.288601], [-2.2890529, 43.2879769], [-2.289856, 43.2872935], [-2.2918101, 43.2869255], [-2.2921277, 43.2856359], [-2.2946864, 43.2856794], [-2.2968197, 43.2843916], [-2.2984369, 43.2838959], [-2.2989101, 43.2832708], [-2.2979934, 43.281221], [-2.2987217, 43.2804129], [-2.2984265, 43.2795987], [-2.2986518, 43.279104], [-2.2971476, 43.278305], [-2.296876, 43.277391], [-2.2958524, 43.2767135], [-2.2973663, 43.2763455], [-2.2987958, 43.2766029], [-2.3007226, 43.2757623], [-2.3009922, 43.2763723], [-2.3020972, 43.27706], [-2.3026647, 43.2770549], [-2.3031013, 43.2774891], [-2.3044291, 43.277484], [-2.305447, 43.2781261], [-2.3065354, 43.277911], [-2.3076705, 43.2780962], [-2.3084617, 43.2788729], [-2.309991, 43.2794368], [-2.3122636, 43.2788411], [-2.3155508, 43.2808319], [-2.3176092, 43.2812997], [-2.3215934, 43.2795517], [-2.3220908, 43.2795609], [-2.3233674, 43.2788858], [-2.3246119, 43.2786071], [-2.3279026, 43.2790136], [-2.3287442, 43.2787331], [-2.3289066, 43.278924], [-2.3290232, 43.2784981], [-2.3296249, 43.2783441], [-2.330625, 43.2773521], [-2.3302968, 43.2771978], [-2.3304225, 43.2765513], [-2.3328569, 43.2761765], [-2.3342139, 43.2772844], [-2.3365776, 43.2786835], [-2.3378398, 43.2801192], [-2.3390075, 43.2808577], [-2.3394142, 43.2820617], [-2.339098, 43.2827273], [-2.3405732, 43.2852955], [-2.3404774, 43.2865416], [-2.3412502, 43.2875691], [-2.3412922, 43.288619], [-2.3417476, 43.2898632], [-2.3423309, 43.2904535], [-2.3469294, 43.2922625], [-2.3492394, 43.2915928], [-2.3503507, 43.2915324], [-2.3513281, 43.2918978], [-2.3533352, 43.2917101], [-2.3536523, 43.291931], [-2.3535152, 43.2914842], [-2.353761, 43.2914015], [-2.3542108, 43.2917807], [-2.3536095, 43.2927444], [-2.3541676, 43.2930049], [-2.3538324, 43.2937896], [-2.3542637, 43.2938312], [-2.3541072, 43.2941952], [-2.3551506, 43.2944313], [-2.3557185, 43.2942922], [-2.356258, 43.2925578], [-2.3575109, 43.2930172], [-2.3575658, 43.2933784], [-2.3569566, 43.2945318], [-2.3580694, 43.2945359], [-2.358774, 43.2949426], [-2.3590476, 43.2954386], [-2.3593342, 43.295115], [-2.3598097, 43.2954127], [-2.3614386, 43.2956102], [-2.3614404, 43.294491], [-2.3620771, 43.2950631], [-2.3639862, 43.2956009], [-2.3641643, 43.2961408], [-2.3631393, 43.2973809], [-2.3636731, 43.2981147], [-2.3636655, 43.2984738], [-2.3633169, 43.29874], [-2.3620262, 43.2987841], [-2.3625157, 43.2996074], [-2.3632762, 43.3000886], [-2.3647276, 43.2990778], [-2.3690085, 43.2999995], [-2.3732513, 43.2999452], [-2.3778195, 43.3006865], [-2.3798329, 43.3002895], [-2.3803704, 43.2993725], [-2.3814476, 43.2989397], [-2.3821348, 43.2991039], [-2.3825015, 43.298885], [-2.3826547, 43.2979959], [-2.3819901, 43.2973238], [-2.382313, 43.2966498], [-2.382204, 43.2955115], [-2.3830693, 43.2945904], [-2.3829553, 43.2938447], [-2.3861838, 43.2939998], [-2.3864082, 43.2937967], [-2.3863702, 43.2932729], [-2.3868831, 43.2928744], [-2.3884315, 43.2926394], [-2.3914016, 43.2913276], [-2.3897989, 43.2913303], [-2.3906127, 43.2909154], [-2.3904129, 43.290223], [-2.3912061, 43.2887093], [-2.3909943, 43.2873205], [-2.3912454, 43.2870793], [-2.3928057, 43.2876977], [-2.3941832, 43.2894438], [-2.395415, 43.2892062], [-2.3969847, 43.2895891], [-2.3984649, 43.2894114], [-2.3992136, 43.2899926], [-2.4004685, 43.2901182], [-2.4027143, 43.2896534], [-2.4032659, 43.2899795], [-2.4033529, 43.2906377], [-2.40493, 43.2902655], [-2.4080329, 43.2877648], [-2.4127401, 43.2873738], [-2.4163769, 43.2856586], [-2.4184728, 43.2851554], [-2.421149, 43.2853143], [-2.4220725, 43.285105], [-2.422516, 43.2847268], [-2.4227744, 43.2837652], [-2.4232168, 43.2815676], [-2.4231073, 43.2805169], [-2.4236802, 43.2808382], [-2.4240675, 43.2815055], [-2.4241589, 43.2824748], [-2.4245722, 43.28289], [-2.4250462, 43.2826878], [-2.4254377, 43.2820042], [-2.4267956, 43.2813585], [-2.4259484, 43.2812004], [-2.4267742, 43.280715], [-2.4285307, 43.2813929], [-2.4276407, 43.2799223], [-2.4268432, 43.2791377], [-2.4274955, 43.2778981], [-2.427575, 43.2772197], [-2.4265479, 43.2749124], [-2.42568, 43.2743445], [-2.4228207, 43.2741911], [-2.421396, 43.273729], [-2.4211126, 43.2724617], [-2.4211979, 43.2714262], [-2.4228825, 43.2670743], [-2.422316, 43.2669268], [-2.4223391, 43.2661372], [-2.4218623, 43.2656538], [-2.4223416, 43.265314], [-2.4244488, 43.2653682], [-2.4247974, 43.2650004], [-2.4235798, 43.264082], [-2.4235695, 43.2631748], [-2.4227337, 43.2618783], [-2.4243814, 43.2613487], [-2.4251677, 43.2606353], [-2.4269108, 43.2603593], [-2.4278914, 43.2596167], [-2.4293988, 43.2590498], [-2.4297903, 43.2594464], [-2.4305768, 43.2619346], [-2.4320245, 43.2617237], [-2.4331671, 43.2607422], [-2.4346692, 43.2605623], [-2.4349405, 43.2599631], [-2.4364987, 43.2597806], [-2.436997, 43.2593902], [-2.4370197, 43.2585123], [-2.4362907, 43.2582282], [-2.4353379, 43.2574091], [-2.4354947, 43.2567846], [-2.4363429, 43.2563347], [-2.438321, 43.2566005], [-2.4388887, 43.2556527], [-2.4397051, 43.2555384], [-2.4401957, 43.2562423], [-2.4417393, 43.2562213], [-2.4452674, 43.2570721], [-2.4452181, 43.2577324], [-2.4460659, 43.2587376], [-2.4480183, 43.259885], [-2.448758, 43.2615787], [-2.4485335, 43.2632988], [-2.4495093, 43.2633565], [-2.4501214, 43.2637009], [-2.4512137, 43.2635963], [-2.4524845, 43.2640009], [-2.4551316, 43.2640422], [-2.4556795, 43.2650255], [-2.4552217, 43.2656604], [-2.4558313, 43.2656059], [-2.4568577, 43.2663169], [-2.458604, 43.266594], [-2.4603994, 43.2681476], [-2.4618165, 43.2682532], [-2.4651741, 43.2691184], [-2.4672503, 43.2688102], [-2.4690829, 43.2698361], [-2.4722273, 43.270449], [-2.4739862, 43.2716046], [-2.4754876, 43.2718967], [-2.4768502, 43.2727318], [-2.4788198, 43.2716908], [-2.4784364, 43.2729746], [-2.4795347, 43.2738274], [-2.4799921, 43.2746292], [-2.47898, 43.2759217], [-2.4789178, 43.2765382], [-2.4794432, 43.276962], [-2.4829761, 43.2774955], [-2.4832197, 43.2782578], [-2.4844599, 43.2791172], [-2.4851227, 43.2799705], [-2.485895, 43.2800383], [-2.4862346, 43.2806364], [-2.4868042, 43.2808996], [-2.4899702, 43.2795239], [-2.4904412, 43.2787862], [-2.4923145, 43.2781282], [-2.4928206, 43.2777224], [-2.4929115, 43.2763497], [-2.4934523, 43.2761629], [-2.4934694, 43.2757909], [-2.4942524, 43.2756254], [-2.4945135, 43.2752541], [-2.4941441, 43.2740214], [-2.4950621, 43.2728285], [-2.4952129, 43.2718804], [-2.4949108, 43.2711055], [-2.4952861, 43.2707125], [-2.4954547, 43.2698849], [-2.4973487, 43.2689967], [-2.4972067, 43.2684955], [-2.4999117, 43.26676], [-2.5006911, 43.2676507], [-2.50156, 43.2680931], [-2.5037779, 43.2662494], [-2.5052455, 43.2654195], [-2.506537, 43.265453], [-2.5065381, 43.2656993], [-2.5069308, 43.265868], [-2.5068941, 43.2655781], [-2.5095979, 43.2657184], [-2.5111336, 43.2651862], [-2.5143281, 43.2646995], [-2.5151951, 43.2647813], [-2.516802, 43.2656089], [-2.5183472, 43.2658261], [-2.5196329, 43.2656489], [-2.5202863, 43.265287], [-2.5213497, 43.2637152], [-2.5223008, 43.2639165], [-2.524113, 43.2614594], [-2.5243945, 43.259897], [-2.5260651, 43.2581022], [-2.5261824, 43.2573782], [-2.5267343, 43.2566564], [-2.5270891, 43.2542757], [-2.5282457, 43.2529803], [-2.5281583, 43.2527728], [-2.5272634, 43.2528768], [-2.5272061, 43.2526304], [-2.5293725, 43.2515712], [-2.5320172, 43.2510447], [-2.5324511, 43.2501374], [-2.5318518, 43.2488055], [-2.5347224, 43.2491102], [-2.536101, 43.2487791], [-2.5392236, 43.2490614], [-2.5402035, 43.2504152], [-2.5410167, 43.2505641], [-2.5425927, 43.2502071], [-2.543891, 43.2495132], [-2.544521, 43.2498305], [-2.549302, 43.2499504], [-2.5504285, 43.2493374], [-2.5524027, 43.2491357], [-2.5521547, 43.2487225], [-2.5532331, 43.2480191], [-2.5538831, 43.2484269], [-2.5569254, 43.2484864], [-2.5584338, 43.2483597], [-2.5593388, 43.2479371], [-2.5612949, 43.2483989], [-2.5623096, 43.2480807], [-2.5627504, 43.2480721], [-2.5631002, 43.2483834], [-2.5639141, 43.2481165], [-2.5643623, 43.2485875], [-2.565061, 43.248807], [-2.5698499, 43.2472879], [-2.5699577, 43.2477464], [-2.5704418, 43.2480171], [-2.5701749, 43.2487335], [-2.5703368, 43.2489884], [-2.5721461, 43.24936], [-2.5723545, 43.2497355], [-2.5719922, 43.2515218], [-2.5724645, 43.2522746], [-2.5746269, 43.2530358], [-2.5759626, 43.2537828], [-2.5786949, 43.254011], [-2.5833857, 43.2553136], [-2.5836898, 43.2555758], [-2.5839631, 43.2571348], [-2.5845617, 43.2576087], [-2.585503, 43.2578723], [-2.5853508, 43.2583503], [-2.5855288, 43.258491], [-2.5862248, 43.258527], [-2.586367, 43.2588367], [-2.5875893, 43.2589218], [-2.5895424, 43.2598468], [-2.5904727, 43.2600025], [-2.5912524, 43.2612636], [-2.5912782, 43.2617099], [-2.5926016, 43.262473], [-2.5930106, 43.2631705], [-2.5929274, 43.2641877], [-2.5932691, 43.2645529], [-2.5932778, 43.2649545], [-2.5921787, 43.265728], [-2.5935014, 43.2665676], [-2.5968081, 43.2672958], [-2.5976073, 43.2669955], [-2.600492, 43.2669742], [-2.6018298, 43.2666443], [-2.6027031, 43.2670496], [-2.6049377, 43.2672139], [-2.6052667, 43.2675498], [-2.6070395, 43.2669935], [-2.6084998, 43.267093], [-2.609346, 43.2679232], [-2.608355, 43.2691473], [-2.6074705, 43.2723113], [-2.6087161, 43.272502], [-2.6101188, 43.2717225], [-2.6102199, 43.2721571], [-2.6108055, 43.2721698], [-2.6139349, 43.2712647], [-2.6170872, 43.2721085], [-2.6174681, 43.2723651], [-2.617474, 43.2729114], [-2.6182358, 43.2725511], [-2.6211971, 43.2740413], [-2.6214592, 43.2749819], [-2.6223658, 43.2757064], [-2.6240664, 43.2765095], [-2.6248228, 43.2765155], [-2.6250397, 43.2772133], [-2.6257615, 43.2773175], [-2.627603, 43.2781845], [-2.628907, 43.2784158], [-2.6316324, 43.2805078], [-2.6327237, 43.2805556], [-2.6332323, 43.2815824], [-2.6337654, 43.2818263], [-2.6336213, 43.2824694], [-2.6347238, 43.2829416], [-2.6352541, 43.283655], [-2.6355153, 43.2850093], [-2.6362101, 43.2853575], [-2.6356817, 43.2866346], [-2.6349063, 43.2866615], [-2.6353478, 43.2872839], [-2.6352801, 43.2881311], [-2.6362406, 43.2892411], [-2.636267, 43.2900165], [-2.635957, 43.2908569], [-2.6364579, 43.2920306], [-2.6390077, 43.2922885], [-2.6395145, 43.2927779], [-2.6394547, 43.2937067], [-2.6384135, 43.2962643], [-2.6374079, 43.2961534], [-2.637569, 43.2967826], [-2.6389367, 43.2978799], [-2.6395393, 43.2991768], [-2.6401442, 43.2993467], [-2.6399435, 43.2991265], [-2.6401079, 43.2989553], [-2.641888, 43.2985813], [-2.642807, 43.2978049], [-2.6435551, 43.2976234], [-2.6439962, 43.297728], [-2.6452779, 43.2990457], [-2.645309, 43.2985515], [-2.6456498, 43.2984671], [-2.6457759, 43.2988459], [-2.6467504, 43.29784], [-2.6479544, 43.2978671], [-2.6484894, 43.298192], [-2.6471844, 43.2987907], [-2.6473084, 43.2993979], [-2.648139, 43.3002765], [-2.6477144, 43.3014868], [-2.6468345, 43.302893], [-2.6486546, 43.3041474], [-2.6493468, 43.3051349], [-2.6493651, 43.3070665], [-2.6491176, 43.3078188], [-2.6493364, 43.3084428], [-2.6503706, 43.3091852], [-2.6525555, 43.3097062], [-2.6537785, 43.3107136], [-2.6554965, 43.311319], [-2.6556539, 43.3123526], [-2.6564082, 43.3115794], [-2.6581399, 43.3109076], [-2.6598149, 43.3108951], [-2.6610004, 43.3093567], [-2.6622163, 43.3094039], [-2.6629308, 43.3102501], [-2.662805, 43.311097], [-2.6632339, 43.3117772], [-2.6659527, 43.3126733], [-2.6665054, 43.3134272], [-2.6683951, 43.3143324], [-2.6686979, 43.315507], [-2.669081, 43.3160179], [-2.668475, 43.3163648], [-2.6687829, 43.3168415], [-2.6718069, 43.3173912], [-2.6738518, 43.3182788], [-2.6786212, 43.3159067], [-2.6782539, 43.3152905], [-2.6787139, 43.3151394], [-2.6786031, 43.3149476], [-2.6795587, 43.3146858], [-2.6793429, 43.3135554], [-2.6800579, 43.3134788], [-2.6801732, 43.3130267], [-2.6816651, 43.3125944], [-2.681536, 43.3112993], [-2.6826254, 43.3092822], [-2.6827974, 43.3059251], [-2.6871594, 43.3054763], [-2.6881306, 43.304915], [-2.6916553, 43.3038249], [-2.6928551, 43.303892], [-2.6934767, 43.3035555], [-2.6937547, 43.3029716], [-2.6944876, 43.3034109], [-2.6947448, 43.3030528], [-2.6963923, 43.3038904], [-2.6991415, 43.304499], [-2.7011851, 43.3046233], [-2.703712, 43.304421], [-2.7076709, 43.3049284], [-2.7103196, 43.3054625], [-2.7113993, 43.3061395], [-2.7119069, 43.3058385], [-2.713081, 43.3060976], [-2.7181181, 43.3078328], [-2.7199769, 43.3070677], [-2.7210202, 43.3069378], [-2.7221347, 43.3071926], [-2.7221402, 43.3056574], [-2.722502, 43.3049759], [-2.7222992, 43.3035377], [-2.7224678, 43.3033644], [-2.724988, 43.3032921], [-2.7316702, 43.3016186], [-2.7341687, 43.3015588], [-2.736065, 43.3020645], [-2.7382767, 43.3014604], [-2.7407756, 43.3014687], [-2.7408815, 43.3013166], [-2.7406027, 43.3012986], [-2.7405105, 43.3008108], [-2.7400162, 43.3002789], [-2.739922, 43.2998691], [-2.7401567, 43.2997224], [-2.7388039, 43.2991808], [-2.737341, 43.2968859], [-2.7375973, 43.296241], [-2.7374404, 43.2952062], [-2.7383364, 43.2945016], [-2.7371294, 43.2935485], [-2.7384535, 43.2932413], [-2.7390077, 43.2926952], [-2.7388084, 43.2909638], [-2.7378504, 43.2894442], [-2.7385153, 43.287854], [-2.7388609, 43.2857655], [-2.7397212, 43.2844364], [-2.739473, 43.2826233], [-2.7400959, 43.2833406], [-2.7411987, 43.2839009], [-2.7417508, 43.2849727], [-2.7426648, 43.2842842], [-2.7433688, 43.2832143], [-2.7442487, 43.283849], [-2.7454049, 43.2840397], [-2.7463007, 43.2848471], [-2.7467376, 43.2819153], [-2.7475086, 43.2793692], [-2.7469711, 43.2782703], [-2.7477307, 43.2780422], [-2.7491125, 43.2784255], [-2.7494142, 43.2787566], [-2.7507047, 43.2788979], [-2.7503814, 43.2777351], [-2.7508634, 43.2761189], [-2.7519585, 43.2738746], [-2.7525484, 43.2733514], [-2.7530723, 43.273186], [-2.7547019, 43.2733898], [-2.7570807, 43.2744877], [-2.7597777, 43.2739242], [-2.7599788, 43.2736291], [-2.7591496, 43.2729928], [-2.7597594, 43.2723545], [-2.7612676, 43.2724333], [-2.762131, 43.2718891], [-2.7632025, 43.2717926], [-2.7646134, 43.271133], [-2.7658988, 43.2712771], [-2.7671137, 43.2698536], [-2.7683975, 43.2696889], [-2.768855, 43.2693163], [-2.770056, 43.2693028], [-2.771005, 43.2684647], [-2.7736388, 43.26717], [-2.7755445, 43.2657296], [-2.7808857, 43.26634], [-2.7823303, 43.2668542], [-2.7828338, 43.2672739], [-2.7835296, 43.2671054], [-2.7845469, 43.2673612], [-2.7889194, 43.2662051], [-2.7923373, 43.2656286], [-2.7933957, 43.2647571], [-2.7936912, 43.2637089], [-2.794545, 43.2627451], [-2.794873, 43.2619196], [-2.7961499, 43.2615721], [-2.7961982, 43.2618009], [-2.796393, 43.2614923], [-2.7974048, 43.2616315], [-2.7993531, 43.262055], [-2.7992985, 43.2622252], [-2.8045637, 43.2641354], [-2.8081548, 43.2649146], [-2.8104301, 43.2657944], [-2.8138972, 43.2666179], [-2.8226904, 43.2703335], [-2.8243004, 43.2706369], [-2.8275208, 43.272136], [-2.8351388, 43.2745243], [-2.8352179, 43.2747715], [-2.8356962, 43.2747022], [-2.839636, 43.2756879], [-2.8430273, 43.275975], [-2.8441422, 43.2764677], [-2.8459922, 43.2767262], [-2.8621489, 43.2837111], [-2.8647515, 43.284629], [-2.8660835, 43.2848231], [-2.8654455, 43.2838693], [-2.8656573, 43.2834792], [-2.8654273, 43.2832147], [-2.8655311, 43.28283], [-2.8659422, 43.2827351], [-2.8657604, 43.2824375], [-2.8663082, 43.2807013], [-2.8676032, 43.279079], [-2.8688126, 43.2781354], [-2.8689699, 43.2777232], [-2.8684697, 43.2765511], [-2.8666855, 43.2758745], [-2.8672411, 43.2753025], [-2.8686762, 43.2757876], [-2.8712837, 43.2756827], [-2.870425, 43.2747956], [-2.8703594, 43.2736104], [-2.8700335, 43.2728055], [-2.870348, 43.2724769], [-2.8710258, 43.2725322], [-2.872405, 43.2721356], [-2.8719263, 43.27138], [-2.8721826, 43.2705458], [-2.8769001, 43.2700025], [-2.8779125, 43.2694907], [-2.8802003, 43.2690788], [-2.8833857, 43.2693113], [-2.8868162, 43.2699061], [-2.8874646, 43.2698166], [-2.8868164, 43.2693895], [-2.8940892, 43.2684028], [-2.8963931, 43.2690367], [-2.8974297, 43.2685919], [-2.8991303, 43.2687886], [-2.8999882, 43.2681629], [-2.9025989, 43.2673955], [-2.9053592, 43.2672469], [-2.9064166, 43.2663498], [-2.907528, 43.265802], [-2.9076631, 43.2654947], [-2.9073478, 43.2650956], [-2.9073763, 43.2646266], [-2.9078673, 43.264613], [-2.9074524, 43.2645287], [-2.9077905, 43.2644726], [-2.907972, 43.2647157], [-2.9086122, 43.2641884], [-2.9101125, 43.2638647], [-2.9104882, 43.2632527], [-2.9110418, 43.2629242], [-2.9109221, 43.26261], [-2.9097157, 43.2617764], [-2.9115737, 43.2608552], [-2.9123023, 43.2596794], [-2.9123486, 43.2590719], [-2.9125242, 43.2591165], [-2.9123595, 43.2590116], [-2.9141273, 43.2591036], [-2.9147916, 43.258889], [-2.9183397, 43.2599601], [-2.9187532, 43.2595702], [-2.9182925, 43.2593302], [-2.917997, 43.2587794], [-2.9187248, 43.2590179], [-2.9184663, 43.2587491], [-2.9195183, 43.2585], [-2.9206521, 43.2587026], [-2.9208412, 43.2585276], [-2.9205284, 43.2584611], [-2.9209011, 43.258467], [-2.921132, 43.2581621], [-2.921994, 43.2583847], [-2.923443, 43.2569607], [-2.9241862, 43.2556982], [-2.9226408, 43.2553628], [-2.9234139, 43.2542498], [-2.9316612, 43.2570566], [-2.9336304, 43.2571717], [-2.9341291, 43.2575599], [-2.9349432, 43.2573228], [-2.9498482, 43.2580901], [-2.9536742, 43.2604019], [-2.9545798, 43.2600351], [-2.9553893, 43.259242], [-2.9569642, 43.2588212], [-2.9567413, 43.2578954], [-2.9577292, 43.2581493], [-2.9575732, 43.2576405], [-2.9566663, 43.2573288], [-2.9576337, 43.2574373], [-2.9589692, 43.2589208], [-2.962975, 43.2603774], [-2.9651349, 43.261719], [-2.9672083, 43.2604422], [-2.9673351, 43.2597391], [-2.9669027, 43.2588252], [-2.9679102, 43.2600475], [-2.9678748, 43.2610836], [-2.9682503, 43.2604982], [-2.9682632, 43.2595904], [-2.9676215, 43.2583386], [-2.9680995, 43.2580062], [-2.9681287, 43.2570406], [-2.9674059, 43.2556894], [-2.9675495, 43.2552873], [-2.9673546, 43.2547659], [-2.9690953, 43.2559341], [-2.9707078, 43.2566574], [-2.9713233, 43.2555687], [-2.972236, 43.2550955], [-2.9727673, 43.2550642], [-2.9733751, 43.2554654], [-2.9734493, 43.255901], [-2.9742409, 43.2555268], [-2.9757649, 43.2556094], [-2.9746869, 43.2559948], [-2.9754151, 43.2561787], [-2.975474, 43.2567964], [-2.9761681, 43.2565531], [-2.9770938, 43.2569086], [-2.9772679, 43.2572675], [-2.9776907, 43.2570174], [-2.9784396, 43.2570559], [-2.9787931, 43.2574365], [-2.9791644, 43.2572738], [-2.9793814, 43.2575571], [-2.9806792, 43.2575575], [-2.9814582, 43.258695], [-2.9825003, 43.2593144], [-2.9814867, 43.2609891], [-2.9803065, 43.2617637], [-2.9807766, 43.2623497], [-2.980298, 43.2634633], [-2.9809967, 43.2638706], [-2.9802845, 43.2646021], [-2.9816187, 43.266684], [-2.982113, 43.2685164], [-2.9842259, 43.2693186], [-2.9836142, 43.2708703], [-2.9839273, 43.2718091], [-2.983401, 43.2728231], [-2.982151, 43.2741806], [-2.9821056, 43.2747046], [-2.9827432, 43.2755826], [-2.9823628, 43.276371], [-2.9825869, 43.2780788], [-2.9846139, 43.2793539], [-2.9852817, 43.2803177], [-2.9877605, 43.2804268], [-2.9880606, 43.280695], [-2.9881522, 43.2804802], [-2.9894353, 43.2803208], [-2.9897568, 43.2800116], [-2.9897772, 43.2794977], [-2.9909745, 43.278516], [-2.9909539, 43.2789352], [-2.9913375, 43.2795407], [-2.993156, 43.2798937], [-2.9931722, 43.2810884], [-2.9938482, 43.2828223], [-2.9952383, 43.2832711], [-2.9942774, 43.285242], [-2.9945728, 43.2854885], [-2.9941588, 43.2858122], [-2.9907447, 43.2932706], [-2.9910313, 43.2936058], [-2.9907648, 43.2936867], [-2.991893, 43.2937392], [-2.9920608, 43.2943436], [-2.9932736, 43.2945581], [-2.9965573, 43.2943606], [-2.9967307, 43.2955954], [-2.9978358, 43.2957133], [-2.9978915, 43.2962588], [-2.9992831, 43.297006], [-2.9985421, 43.2979496], [-2.9997749, 43.2983727], [-2.9994398, 43.298885], [-2.9996344, 43.2986881], [-3.0004319, 43.2990111], [-2.999479, 43.3018453], [-2.9988032, 43.3026313], [-2.9921427, 43.3027664], [-2.9910194, 43.3032944], [-2.9905451, 43.3037868], [-2.9907364, 43.3035954], [-2.9911694, 43.3039418], [-2.9903495, 43.3047693], [-2.9906412, 43.3053482], [-2.9906176, 43.3070247], [-2.9911351, 43.3071027], [-2.9908183, 43.3068862], [-2.9912343, 43.3069152], [-2.9906721, 43.3067395], [-2.9913076, 43.3066191], [-2.9928976, 43.3074509], [-3.0010365, 43.3079539], [-3.0074083, 43.3096487], [-3.0068999, 43.3101961], [-3.0067429, 43.3112444], [-3.0084597, 43.3124321], [-3.0082102, 43.3125175], [-3.0099574, 43.3128653], [-3.0116931, 43.3140729], [-3.0124443, 43.315418], [-3.014196, 43.3174989], [-3.0147451, 43.3179683], [-3.0158066, 43.3183434], [-3.0159645, 43.3189462], [-3.016359, 43.3192559], [-3.0164408, 43.319993], [-3.0179913, 43.3200566], [-3.0182682, 43.3196177], [-3.0208014, 43.3183077], [-3.0218484, 43.3182648], [-3.0217183, 43.3186234], [-3.0220638, 43.3186755], [-3.0231676, 43.3167805], [-3.0241334, 43.3162067], [-3.0249199, 43.3161984], [-3.0249119, 43.315945], [-3.0275804, 43.3139342], [-3.028502, 43.3135346], [-3.0298657, 43.3123838], [-3.0316294, 43.3115714], [-3.0326355, 43.3107043], [-3.0331366, 43.3107896], [-3.0338715, 43.3114656], [-3.0353657, 43.3114843], [-3.0431296, 43.3135526], [-3.0456314, 43.3135867], [-3.0475243, 43.3142165], [-3.0498392, 43.3141789], [-3.0510296, 43.3149053], [-3.0519303, 43.3151388], [-3.0536866, 43.3148545], [-3.0550333, 43.3153047], [-3.0559646, 43.3164054], [-3.0579473, 43.3170835], [-3.0592428, 43.3169568], [-3.0598729, 43.3176372], [-3.0618214, 43.3172246], [-3.0631425, 43.3173816], [-3.0647118, 43.3187863], [-3.0663523, 43.3193913], [-3.0672249, 43.3206448], [-3.0695136, 43.3212114], [-3.0705318, 43.3211325], [-3.0706556, 43.322074], [-3.0718838, 43.3220781], [-3.0723306, 43.3218231], [-3.0734146, 43.3220441], [-3.0749559, 43.3234018], [-3.076933, 43.3245459], [-3.0766807, 43.3248502], [-3.0751791, 43.3252221], [-3.0750187, 43.3256003], [-3.0774222, 43.3262891], [-3.0793481, 43.329275], [-3.0798231, 43.3290423], [-3.0807403, 43.3292956], [-3.0813637, 43.329155], [-3.0828957, 43.3296784], [-3.0825265, 43.3310664], [-3.0826116, 43.3316275], [-3.0842289, 43.335606], [-3.0848017, 43.3364301], [-3.0848252, 43.3357433], [-3.0855839, 43.3355423], [-3.0864604, 43.3364459], [-3.086648, 43.3372392], [-3.0870661, 43.3375844], [-3.0887997, 43.3377752], [-3.0897216, 43.3382558], [-3.0907197, 43.3381419], [-3.092635, 43.3384897], [-3.0950351, 43.3401568], [-3.0965665, 43.340741], [-3.0979048, 43.3407777], [-3.1019089, 43.3416035], [-3.1039995, 43.3438002], [-3.1050268, 43.3444757], [-3.1078534, 43.3452541], [-3.1091437, 43.3452828], [-3.1111826, 43.3459455], [-3.1113899, 43.3475626], [-3.1125759, 43.3492679], [-3.1145697, 43.3471531], [-3.1150245, 43.3474892], [-3.1162999, 43.347368], [-3.1175406, 43.3468349], [-3.1186611, 43.3469722], [-3.1222538, 43.3466258], [-3.1225649, 43.3467939], [-3.1226298, 43.3477753], [-3.1221924, 43.3480285], [-3.1219814, 43.3485349], [-3.1252069, 43.3515442], [-3.1257137, 43.3525817], [-3.1260449, 43.3524148], [-3.1297252, 43.3528294], [-3.1312351, 43.3522467], [-3.1329515, 43.3519849], [-3.1375954, 43.3518309], [-3.139255, 43.3515983], [-3.1400099, 43.351148], [-3.1421641, 43.351169], [-3.1442197, 43.3497094], [-3.1443249, 43.3492706], [-3.1438775, 43.347951], [-3.1444627, 43.3475908], [-3.1456753, 43.3483222], [-3.146034, 43.3489277], [-3.1468782, 43.349124], [-3.147423, 43.349831], [-3.1506112, 43.3515433], [-3.1512308, 43.351489], [-3.1523521, 43.3506239], [-3.1547964, 43.3505907], [-3.1552548, 43.3507604], [-3.1561857, 43.3519304], [-3.157309, 43.3522426], [-3.1596567, 43.3516452], [-3.1599222, 43.3510279], [-3.1616824, 43.3504634], [-3.1639857, 43.351187], [-3.1651939, 43.3524953], [-3.1661146, 43.3527284], [-3.1667757, 43.353239], [-3.1677794, 43.3527848], [-3.1682997, 43.3529899], [-3.1686075, 43.3527037], [-3.1688355, 43.3530914], [-3.1689998, 43.3528404], [-3.1697509, 43.3533073], [-3.1717141, 43.3522421], [-3.1725676, 43.3513131], [-3.1724722, 43.3501443], [-3.172855, 43.3496419], [-3.1722252, 43.3491092], [-3.1723087, 43.3485843], [-3.1730031, 43.3474232], [-3.1743479, 43.3461251], [-3.1745482, 43.3454723], [-3.1743336, 43.3450483], [-3.1744659, 43.3439742], [-3.17487, 43.3435399], [-3.1748235, 43.3432512], [-3.1738401, 43.3426218], [-3.1724632, 43.3423096], [-3.1715289, 43.3416845], [-3.1706139, 43.3399468], [-3.1704136, 43.3389256], [-3.1717466, 43.3375245], [-3.1714188, 43.3365109], [-3.1701179, 43.3356824], [-3.1699342, 43.3347963], [-3.1705989, 43.3355475], [-3.171398, 43.335469], [-3.1718214, 43.3350316], [-3.170768, 43.3341117], [-3.1701806, 43.3328143], [-3.1704892, 43.3311609], [-3.1719858, 43.331049], [-3.1732922, 43.3317984], [-3.173885, 43.3314114], [-3.1746994, 43.3291669], [-3.1740322, 43.3274957], [-3.1740891, 43.3265304], [-3.1738385, 43.3258745], [-3.1749207, 43.3240942], [-3.176081, 43.322908], [-3.1768782, 43.3225921], [-3.1777484, 43.3225964], [-3.1780234, 43.3228349], [-3.1805827, 43.3224493], [-3.1806242, 43.322223], [-3.1796965, 43.3213472], [-3.1797932, 43.3212141], [-3.1823828, 43.3225219], [-3.1824882, 43.3228329], [-3.1819077, 43.3230315], [-3.1819302, 43.3232354], [-3.1841345, 43.3242074], [-3.1836889, 43.3235024], [-3.184383, 43.3253745], [-3.1855181, 43.3270813], [-3.1896838, 43.3306318], [-3.1917478, 43.3315796], [-3.1941408, 43.3331904], [-3.1954175, 43.3346524], [-3.1995014, 43.3364204], [-3.2023291, 43.3384978], [-3.2034871, 43.3400394], [-3.2040232, 43.341584], [-3.2041418, 43.3428934], [-3.2056186, 43.3447872], [-3.2076925, 43.3462478], [-3.208062, 43.3459289], [-3.2091063, 43.3465717], [-3.2093174, 43.3464019], [-3.2097784, 43.3466404], [-3.2100797, 43.3463612], [-3.2101715, 43.3465804], [-3.2105342, 43.3465695], [-3.2118092, 43.3477303], [-3.2126176, 43.3480363], [-3.2136804, 43.3497649], [-3.2151305, 43.3502123], [-3.2171293, 43.3512517], [-3.2176838, 43.3512733], [-3.2189263, 43.3526706], [-3.2210313, 43.352908], [-3.2228544, 43.3541437], [-3.2234127, 43.3540898], [-3.2240753, 43.3544133], [-3.225616, 43.3543473], [-3.2267678, 43.3550001], [-3.2287342, 43.3552443], [-3.2292648, 43.3563148], [-3.2303661, 43.3572187], [-3.2293686, 43.3574446], [-3.2267549, 43.357377], [-3.2259149, 43.3576528], [-3.2246796, 43.3573585], [-3.2223778, 43.3577562], [-3.2238828, 43.3581593], [-3.2273273, 43.360389], [-3.2277262, 43.3613275], [-3.2274623, 43.3620205], [-3.2261973, 43.3630455], [-3.2250671, 43.3632353], [-3.2234483, 43.3641903], [-3.2234243, 43.3646948], [-3.2222212, 43.3649376], [-3.2220621, 43.3652158], [-3.2223647, 43.3655239], [-3.219591, 43.3660092], [-3.2167188, 43.3672918], [-3.2168235, 43.3675778], [-3.215957, 43.3684804], [-3.2148048, 43.3691819], [-3.214973, 43.3696052], [-3.2143156, 43.3726607], [-3.2171921, 43.3798809], [-3.2185517, 43.3814598], [-3.2189032, 43.3824006], [-3.2178946, 43.3825741], [-3.218024, 43.3829972], [-3.2175153, 43.3837864], [-3.216411, 43.3844492], [-3.218749, 43.3855758], [-3.2193728, 43.3856219], [-3.2210838, 43.3853087], [-3.222016, 43.3838524], [-3.2242033, 43.3840899], [-3.2296892, 43.3886282], [-3.2326397, 43.387371], [-3.2329578, 43.3862938], [-3.2336267, 43.386055], [-3.2340333, 43.3873252], [-3.2347602, 43.3871761], [-3.2363947, 43.3876456], [-3.2380449, 43.3885038], [-3.2393094, 43.3899847], [-3.2399746, 43.3904064], [-3.2408829, 43.391879], [-3.2420488, 43.3923781], [-3.2428905, 43.3920785], [-3.2444273, 43.3922884], [-3.2465344, 43.3955436], [-3.2468373, 43.3958816], [-3.247665, 43.396015], [-3.2475196, 43.3971705], [-3.2479286, 43.3974592], [-3.2526302, 43.3991291], [-3.2539772, 43.3993169], [-3.257416, 43.3992374], [-3.2587397, 43.398984], [-3.2602975, 43.3983273], [-3.2645839, 43.3978141], [-3.2647832, 43.3986382], [-3.2674042, 43.3996321], [-3.2692961, 43.3991791], [-3.2723753, 43.3992374], [-3.2738456, 43.3987095], [-3.2746957, 43.3988854], [-3.2747932, 43.3995581], [-3.2739494, 43.400847], [-3.2739723, 43.4014934], [-3.2758068, 43.4021413], [-3.2768191, 43.402015], [-3.2783071, 43.4024771], [-3.2827794, 43.4023564], [-3.2927288, 43.4040982], [-3.2991117, 43.4048556], [-3.2991248, 43.4051714], [-3.3052975, 43.4043481], [-3.3053033, 43.4039197], [-3.3116806, 43.4035308], [-3.3156059, 43.4019353], [-3.3163538, 43.400835], [-3.31648, 43.3991086], [-3.3145118, 43.3948409], [-3.3146078, 43.3919257], [-3.3165437, 43.3894897], [-3.3178062, 43.3890359], [-3.3185965, 43.3882371], [-3.3186197, 43.3869738], [-3.3167926, 43.3824146], [-3.3173297, 43.3819831], [-3.3170255, 43.38142], [-3.3181303, 43.3808375], [-3.3188898, 43.3789401], [-3.3180246, 43.3775022], [-3.3184076, 43.3768858], [-3.3177756, 43.3763534], [-3.3181086, 43.375626], [-3.3177461, 43.3750657], [-3.3167841, 43.3746771], [-3.3162818, 43.3733172], [-3.316236, 43.3716381], [-3.3175187, 43.3703343], [-3.3177442, 43.3686634], [-3.3182881, 43.3672033], [-3.3181414, 43.366609], [-3.3167277, 43.3652394], [-3.3170882, 43.3643274], [-3.3181679, 43.3634322], [-3.3208075, 43.3630936], [-3.3229329, 43.3651057], [-3.3242548, 43.3660205], [-3.3248581, 43.3650884], [-3.3254841, 43.3624924], [-3.3285035, 43.3628577], [-3.3299556, 43.3638442], [-3.3300312, 43.3649933], [-3.3291742, 43.3650897], [-3.3290015, 43.3655436], [-3.3303341, 43.3662194], [-3.3309317, 43.3671882], [-3.3324881, 43.3679438], [-3.3329042, 43.3670341], [-3.3341296, 43.3673838], [-3.3357308, 43.3669514], [-3.335788, 43.366657], [-3.3372155, 43.3670764], [-3.3380775, 43.3669362], [-3.3387846, 43.3662667], [-3.3399132, 43.3658632], [-3.3412806, 43.3642386], [-3.3426165, 43.3642008], [-3.3436619, 43.3625231], [-3.3447, 43.3621803], [-3.3457304, 43.3631185], [-3.3476384, 43.3641842], [-3.348321, 43.365465], [-3.3494034, 43.3660014], [-3.3493417, 43.3664811], [-3.3508921, 43.3678658], [-3.3509669, 43.3683408], [-3.3518055, 43.3690426], [-3.3550072, 43.368889], [-3.3570094, 43.3683313], [-3.3571557, 43.3689339], [-3.3575458, 43.369319], [-3.3573605, 43.3698885], [-3.3592718, 43.3707178], [-3.3603639, 43.3718898], [-3.3612935, 43.3722111], [-3.3645667, 43.3761497], [-3.366738, 43.3782548], [-3.3663468, 43.3798027], [-3.3664846, 43.380073], [-3.3687547, 43.3810312], [-3.3724862, 43.3803659], [-3.3725247, 43.3806243], [-3.3717243, 43.3808454], [-3.3700324, 43.3820918], [-3.3702853, 43.3839869], [-3.3705648, 43.3845274], [-3.3725416, 43.3859272], [-3.372708, 43.3868633], [-3.3735928, 43.3875614], [-3.3741222, 43.3886075], [-3.3748004, 43.3892102], [-3.3773919, 43.3905713], [-3.3800295, 43.3935025], [-3.3807837, 43.3939177], [-3.3836471, 43.3945873], [-3.3841269, 43.3962031], [-3.3852001, 43.3971741], [-3.3844675, 43.3973653], [-3.3836884, 43.3981525], [-3.3817846, 43.3986249], [-3.3857925, 43.3987172], [-3.3877174, 43.3981716], [-3.3896171, 43.3982501], [-3.3920642, 43.3971711], [-3.3939687, 43.3966988], [-3.3948165, 43.3969504], [-3.3952368, 43.3974513], [-3.3957972, 43.3955257], [-3.3944272, 43.3953278], [-3.393695, 43.3947471], [-3.3948043, 43.394074], [-3.3953898, 43.3932767], [-3.396869, 43.3925571], [-3.3996682, 43.3930613], [-3.3999239, 43.3931568], [-3.3997559, 43.393653], [-3.3992712, 43.3942124], [-3.399914, 43.3966546], [-3.4011732, 43.3968914], [-3.4017072, 43.3973665], [-3.401746, 43.3981348], [-3.403533, 43.3991758], [-3.4041367, 43.3992694], [-3.4041446, 43.3997316], [-3.4048934, 43.4004731], [-3.4054318, 43.4017381], [-3.406032, 43.4022733], [-3.4075336, 43.4029135], [-3.4100285, 43.4036926], [-3.4114348, 43.4038539], [-3.4121917, 43.4043831], [-3.412043, 43.4050056], [-3.4114273, 43.4050399], [-3.4118629, 43.406201], [-3.4114086, 43.4069339], [-3.4108643, 43.4071251], [-3.411061, 43.408439], [-3.4093283, 43.4094255], [-3.40887, 43.4104403], [-3.4102133, 43.4113338], [-3.4105847, 43.4118532], [-3.4127564, 43.4109336], [-3.4174743, 43.4110193], [-3.4224416, 43.4100986], [-3.4225215, 43.4103942], [-3.4251112, 43.4104623], [-3.4253323, 43.4107809], [-3.4281719, 43.4108752], [-3.4287816, 43.41065], [-3.4329007, 43.4125158], [-3.4383986, 43.4167388], [-3.4440831, 43.422404], [-3.444612, 43.4226337], [-3.4474336, 43.4290314], [-3.4486164, 43.4288489], [-3.4506994, 43.4334156], [-3.4535865, 43.4345251], [-3.4550681, 43.4394323], [-3.4553972, 43.4394002], [-3.4552249, 43.4396706], [-3.455686, 43.441551], [-3.4557469, 43.4457355], [-3.4552284, 43.4468345], [-3.4547468, 43.4472611], [-3.4563888, 43.4508978], [-3.4577891, 43.4529028], [-3.4581237, 43.4554939], [-3.4636318, 43.4620788], [-3.4643024, 43.4623339], [-3.4779111, 43.4638793], [-3.4782122, 43.4642252], [-3.4780924, 43.4646276], [-3.4765057, 43.4669676], [-3.4766928, 43.4683648], [-3.4798907, 43.4677867], [-3.4825415, 43.4684287], [-3.482667, 43.468007], [-3.4899328, 43.4678982], [-3.4944839, 43.4686247], [-3.4955532, 43.4690286], [-3.4964398, 43.4697074], [-3.501134, 43.4712867], [-3.501716, 43.4716776], [-3.5056216, 43.4725009], [-3.5070414, 43.4726294], [-3.5120641, 43.4719482], [-3.5132875, 43.4728143], [-3.5142765, 43.4743643], [-3.5174978, 43.4772358], [-3.5178732, 43.478172], [-3.5179485, 43.4798496], [-3.5202364, 43.4805384], [-3.5206379, 43.4795484], [-3.5224606, 43.4787376], [-3.523973, 43.4788], [-3.5271386, 43.4770084], [-3.5272179, 43.4765576], [-3.5282868, 43.4758022], [-3.5282299, 43.4745574], [-3.53095, 43.4740396], [-3.5313444, 43.4724025], [-3.532726, 43.4719119], [-3.533453, 43.470383], [-3.5342467, 43.4695674], [-3.5342883, 43.4683295], [-3.5372383, 43.4671522], [-3.5370549, 43.4657268], [-3.5377567, 43.4658229], [-3.53819, 43.4650562], [-3.5390652, 43.4643219], [-3.5409084, 43.4636197], [-3.5413114, 43.4631258], [-3.5420933, 43.4630647], [-3.5431401, 43.462537], [-3.5430956, 43.4617942], [-3.5433361, 43.4614603], [-3.5437517, 43.4612628], [-3.5443319, 43.4615462], [-3.5455977, 43.4615234], [-3.5472514, 43.4609994], [-3.5492644, 43.4613209], [-3.5498698, 43.4606755], [-3.5523447, 43.4597539], [-3.5528807, 43.4589466], [-3.5538905, 43.4583699], [-3.5540987, 43.4591208], [-3.5556167, 43.4591922], [-3.5590398, 43.4582997], [-3.566625, 43.4574664], [-3.5690043, 43.4565486], [-3.5702199, 43.4565126], [-3.5703355, 43.4571859], [-3.5723003, 43.4574074], [-3.5744591, 43.4588187], [-3.5767377, 43.4594122], [-3.5775392, 43.4591973], [-3.5783021, 43.4592059], [-3.5790773, 43.4595377], [-3.5795874, 43.4592827], [-3.5805592, 43.4593738], [-3.5810565, 43.4585478], [-3.5856226, 43.4611471], [-3.5860654, 43.4617119], [-3.5866504, 43.4615821], [-3.5877886, 43.4619616], [-3.5920292, 43.4608307], [-3.5922644, 43.4614133], [-3.5932312, 43.462342], [-3.5936052, 43.4634299], [-3.5928686, 43.4640087], [-3.5922041, 43.4651422], [-3.5934929, 43.4651203], [-3.5942766, 43.4656989], [-3.5953986, 43.4659287], [-3.5952812, 43.4664436], [-3.5958607, 43.4672923], [-3.598098, 43.4679831], [-3.598534, 43.46893], [-3.6002738, 43.4678419], [-3.6023032, 43.4672332], [-3.604034, 43.4663923], [-3.6068629, 43.4658556], [-3.6071336, 43.4655753], [-3.6070384, 43.4648605], [-3.6084376, 43.4638958], [-3.6115485, 43.4634433], [-3.6131243, 43.4624317], [-3.6136098, 43.4617529], [-3.6162113, 43.4601788], [-3.6168866, 43.4601857], [-3.6176243, 43.4606843], [-3.6176444, 43.46037], [-3.616899, 43.4592573], [-3.6173764, 43.4581493], [-3.6176723, 43.4580054], [-3.6177082, 43.4562157], [-3.6203707, 43.4556945], [-3.6228343, 43.455687], [-3.6231947, 43.454328], [-3.6231314, 43.4532499], [-3.6235208, 43.4521585], [-3.6242351, 43.452083], [-3.6235825, 43.4517041], [-3.6238953, 43.4501352], [-3.6247548, 43.4495747], [-3.6250778, 43.4482434], [-3.6269513, 43.4472725], [-3.6283933, 43.4479127], [-3.6304138, 43.4481867], [-3.6325657, 43.4491718], [-3.6335913, 43.4491439], [-3.6341437, 43.4488611], [-3.6349282, 43.449005], [-3.6361213, 43.4496519], [-3.6370139, 43.449302], [-3.6419261, 43.4489004], [-3.644773, 43.447631], [-3.644934, 43.4483278], [-3.6452719, 43.4479829], [-3.6454218, 43.4485368], [-3.6458717, 43.4486273], [-3.6445887, 43.4498774], [-3.6452727, 43.4511672], [-3.6452295, 43.4515674], [-3.6446189, 43.4524073], [-3.6433957, 43.4531194], [-3.6417798, 43.4546833], [-3.646902, 43.454054], [-3.6495285, 43.4543463], [-3.6524011, 43.4566535], [-3.6526628, 43.4574079], [-3.6535882, 43.4577033], [-3.6545141, 43.4585296], [-3.6556637, 43.4602745], [-3.6556652, 43.4608467], [-3.6572128, 43.4620187], [-3.6583929, 43.4625562], [-3.6585173, 43.4631627], [-3.6596154, 43.46395], [-3.6601554, 43.4650924], [-3.6612654, 43.4657956], [-3.6628179, 43.4676792], [-3.6655483, 43.4672963], [-3.6689471, 43.4664618], [-3.6700039, 43.4685202], [-3.6712061, 43.4692753], [-3.6726214, 43.4697009], [-3.6728834, 43.4701313], [-3.6729594, 43.4717798], [-3.6726564, 43.4740912], [-3.6738448, 43.4777123], [-3.673759, 43.4779949], [-3.6748822, 43.4789978], [-3.6767034, 43.4789549], [-3.6779337, 43.478215], [-3.6781071, 43.4784056], [-3.6790965, 43.4782338], [-3.6800445, 43.477033], [-3.6809613, 43.4773736], [-3.682269, 43.4770595], [-3.6831462, 43.4762849], [-3.6865486, 43.4747607], [-3.6896065, 43.4742863], [-3.6917811, 43.4744525], [-3.6931773, 43.4752887], [-3.6940686, 43.4761456], [-3.6951017, 43.4762492], [-3.696023, 43.4768557], [-3.6965217, 43.4774171], [-3.695997, 43.4789686], [-3.7003592, 43.4783638], [-3.7030589, 43.4789807], [-3.7046968, 43.4787921], [-3.70591, 43.4781997], [-3.7064374, 43.4773851], [-3.707401, 43.4768362], [-3.7102156, 43.4766112], [-3.7108722, 43.475856], [-3.7115744, 43.4759895], [-3.7136324, 43.4751294], [-3.7157344, 43.4747018], [-3.7161858, 43.4739854], [-3.7180216, 43.4736422], [-3.7191881, 43.4738003], [-3.7231784, 43.4724751], [-3.7260353, 43.4706875], [-3.7261781, 43.4697871], [-3.7257792, 43.4698502], [-3.7258743, 43.4690475], [-3.7251931, 43.4684758], [-3.7258834, 43.4675089], [-3.7256439, 43.4659179], [-3.72601, 43.4642046], [-3.7258633, 43.4625849], [-3.7265027, 43.4617965], [-3.728713, 43.4613822], [-3.7313662, 43.4596622], [-3.7349929, 43.4583411], [-3.7449866, 43.4565019], [-3.7470785, 43.4544241], [-3.7465554, 43.4530674], [-3.746724, 43.4526965], [-3.7462626, 43.4519403], [-3.7465468, 43.4515352], [-3.7537032, 43.4492309], [-3.7549676, 43.4490962], [-3.7592036, 43.4493295], [-3.763711, 43.4478789], [-3.7651694, 43.4476584], [-3.766057, 43.447849], [-3.7679935, 43.4489148], [-3.7688343, 43.4489115], [-3.7691477, 43.4493383], [-3.7696871, 43.4494585], [-3.7749684, 43.4489922], [-3.7764001, 43.4501351], [-3.7781692, 43.4534702], [-3.7797369, 43.4543991], [-3.7900406, 43.4567548], [-3.7981204, 43.4595118], [-3.8018993, 43.4616137], [-3.803149, 43.4610023], [-3.8033487, 43.4612538], [-3.8041924, 43.4611716], [-3.8042974, 43.461777], [-3.8089925, 43.4614328], [-3.8117294, 43.4619193], [-3.8141768, 43.4618297], [-3.8141702, 43.4615888], [-3.8174279, 43.4611158], [-3.8311613, 43.4573], [-3.8319347, 43.4565242], [-3.8327401, 43.4563298], [-3.8326162, 43.4557595], [-3.8328418, 43.4553093], [-3.8361361, 43.4542899], [-3.8387758, 43.4542513], [-3.8413669, 43.4547775], [-3.8534062, 43.4527284], [-3.8588093, 43.451091], [-3.8596151, 43.4510412], [-3.8601883, 43.450576], [-3.8642895, 43.4488158], [-3.8652324, 43.4502428], [-3.8689489, 43.4487974], [-3.8693347, 43.4490164], [-3.8723727, 43.4486354], [-3.8738716, 43.448705], [-3.8751751, 43.4483275], [-3.875414, 43.4477146], [-3.8760186, 43.4473693], [-3.8801702, 43.4480564], [-3.8803779, 43.4480458], [-3.880101, 43.4473997], [-3.880292, 43.4471585], [-3.8823154, 43.447111], [-3.8845358, 43.4481244], [-3.888612, 43.4476268], [-3.888881, 43.4480819], [-3.8912394, 43.4470825], [-3.8916564, 43.4466769], [-3.8927878, 43.4463683], [-3.893164, 43.4467846], [-3.8958675, 43.4457637], [-3.8963516, 43.4452253], [-3.8996208, 43.4441031], [-3.9002524, 43.4435382], [-3.9024335, 43.4427125], [-3.9064164, 43.4430712], [-3.9076308, 43.4429493], [-3.9118701, 43.4441574], [-3.9130953, 43.4435667], [-3.9138462, 43.4424372], [-3.9143664, 43.4421379], [-3.9212779, 43.4394772], [-3.9204231, 43.4378225], [-3.9180733, 43.4345638], [-3.9179433, 43.434143], [-3.9182802, 43.4337615], [-3.9204681, 43.4333199], [-3.924552, 43.4320203], [-3.9291495, 43.4312173], [-3.9316281, 43.4301292], [-3.9325161, 43.427935], [-3.9353445, 43.4274534], [-3.9360628, 43.4268489], [-3.9404737, 43.4263746], [-3.9412227, 43.4258166], [-3.942953, 43.4254546], [-3.9436295, 43.4248458], [-3.9480472, 43.4230389], [-3.948026, 43.4228494], [-3.9492121, 43.4222219], [-3.9536021, 43.4204223], [-3.9565644, 43.4197147], [-3.9575867, 43.4169945], [-3.9579038, 43.4130616], [-3.9509017, 43.4144819], [-3.9495524, 43.4151212], [-3.9449487, 43.4142001], [-3.9446827, 43.4134924], [-3.943659, 43.4129317], [-3.9423249, 43.4110679], [-3.9423833, 43.4096964], [-3.9441339, 43.4098606], [-3.9452465, 43.4094068], [-3.9482916, 43.405755], [-3.9484712, 43.4051351], [-3.9469372, 43.403829], [-3.9478573, 43.4024391], [-3.9531434, 43.4027338], [-3.9535762, 43.4024299], [-3.9557158, 43.4022148], [-3.9583285, 43.4031069], [-3.9618, 43.4038394], [-3.962183, 43.404238], [-3.9684054, 43.4051593], [-3.9683626, 43.4055895], [-3.9685885, 43.4055966], [-3.9701492, 43.404869], [-3.97065, 43.4041905], [-3.9712075, 43.4039144], [-3.9748847, 43.4038228], [-3.9759501, 43.4030811], [-3.9791284, 43.4017652], [-3.9797788, 43.4009059], [-3.9811656, 43.4005834], [-3.982659, 43.4007758], [-3.9842119, 43.40012], [-3.9875515, 43.3992836], [-3.9888665, 43.4001706], [-3.990865, 43.4003874], [-3.9918075, 43.40022], [-3.9922703, 43.4006344], [-3.9920437, 43.4011944], [-3.9935813, 43.4004865], [-3.9937631, 43.4000931], [-3.994489, 43.3997089], [-3.9946471, 43.3988546], [-3.9938292, 43.3981294], [-3.993691, 43.3971838], [-3.9941915, 43.396936], [-3.9976009, 43.3971819], [-3.9992526, 43.3965594], [-4.000756, 43.3964353], [-4.0034511, 43.3970192], [-4.0026199, 43.3976256], [-4.0033526, 43.3987996], [-4.0038805, 43.3986858], [-4.0041863, 43.3991029], [-4.0045403, 43.401105], [-4.0052216, 43.4019002], [-4.0064141, 43.4020676], [-4.0067855, 43.400924], [-4.0080661, 43.4001788], [-4.0097945, 43.4000803], [-4.0110002, 43.3996258], [-4.0136543, 43.3997145], [-4.0142267, 43.3986815], [-4.0163736, 43.3975843], [-4.0175178, 43.3960386], [-4.0178974, 43.3961483], [-4.0177436, 43.3958547], [-4.0190028, 43.3950948], [-4.0294906, 43.3914516], [-4.0292257, 43.3911154], [-4.028575, 43.3914072], [-4.0291126, 43.3909867], [-4.0284585, 43.3912987], [-4.0289993, 43.3909235], [-4.0280142, 43.3894382], [-4.0293221, 43.3878745], [-4.0324662, 43.386482], [-4.0329925, 43.3842198], [-4.0357102, 43.3818111], [-4.037763, 43.3807213], [-4.0407464, 43.3739455], [-4.0412353, 43.3732735], [-4.0429658, 43.3737258], [-4.0437811, 43.3756301], [-4.0482355, 43.3779477], [-4.0485037, 43.3784255], [-4.0480868, 43.3795622], [-4.049051, 43.3813109], [-4.0504652, 43.3807057], [-4.0520912, 43.3821439], [-4.0537419, 43.3829846], [-4.0557444, 43.383075], [-4.05878, 43.3842162], [-4.0596922, 43.3853482], [-4.0599366, 43.386441], [-4.0597162, 43.3871624], [-4.0599803, 43.3874293], [-4.0633917, 43.3886352], [-4.0636337, 43.3897631], [-4.0649473, 43.3911953], [-4.0686411, 43.3927026], [-4.0714204, 43.3947238], [-4.0727571, 43.3952334], [-4.0739183, 43.396145], [-4.0767129, 43.3966953], [-4.0774672, 43.3966074], [-4.0802541, 43.395382], [-4.0820561, 43.3956045], [-4.0827267, 43.3961517], [-4.0837752, 43.3957647], [-4.0891774, 43.3957431], [-4.0906966, 43.3953983], [-4.0914522, 43.3941853], [-4.0928446, 43.3927084], [-4.0940035, 43.392086], [-4.0948393, 43.3911412], [-4.0976833, 43.3919192], [-4.0985477, 43.3910485], [-4.0989624, 43.3909604], [-4.1021587, 43.3924945], [-4.1038067, 43.3926237], [-4.1055582, 43.3922722], [-4.1082159, 43.389912], [-4.1085496, 43.3900828], [-4.1081796, 43.3906763], [-4.1087729, 43.391585], [-4.1112982, 43.393486], [-4.1159141, 43.3944734], [-4.1173063, 43.3950573], [-4.118054, 43.3949749], [-4.1194764, 43.3956579], [-4.1214412, 43.3957557], [-4.1222507, 43.3960747], [-4.1246318, 43.3991316], [-4.1247705, 43.3999891], [-4.1252591, 43.4004885], [-4.1251763, 43.4014678], [-4.1255883, 43.402778], [-4.1261582, 43.4033904], [-4.1266162, 43.4035144], [-4.128598, 43.402835], [-4.128567, 43.4022647], [-4.1302337, 43.4008628], [-4.1326178, 43.3969605], [-4.1344361, 43.3958672], [-4.1359938, 43.3963366], [-4.1373937, 43.3963522], [-4.1383527, 43.3973283], [-4.1396747, 43.3980142], [-4.1444502, 43.3997973], [-4.1452042, 43.3996685], [-4.1481881, 43.4002231], [-4.1498476, 43.4000617], [-4.1540892, 43.4002852], [-4.1538711, 43.3993328], [-4.1535447, 43.3989517], [-4.1536287, 43.3985479], [-4.1552939, 43.3986704], [-4.1590626, 43.3999062], [-4.1603186, 43.3999825], [-4.1619887, 43.3985455], [-4.1642418, 43.3977872], [-4.1669127, 43.3957141], [-4.1679346, 43.3955183], [-4.1687651, 43.3944458], [-4.1688061, 43.3930051], [-4.1691328, 43.3921914], [-4.1698096, 43.3918794], [-4.1717653, 43.3922019], [-4.1755685, 43.389287], [-4.1765693, 43.3878785], [-4.1766421, 43.3867842], [-4.1769479, 43.3863202], [-4.1792191, 43.3866048], [-4.1801149, 43.3871055], [-4.1807077, 43.38802], [-4.1813495, 43.3880586], [-4.184077, 43.3859368], [-4.1851144, 43.3857276], [-4.1859481, 43.3852171], [-4.1863512, 43.3845891], [-4.1889194, 43.3833916], [-4.189225, 43.3835134], [-4.1893795, 43.3840079], [-4.1888918, 43.3847678], [-4.1897547, 43.384675], [-4.1911645, 43.385411], [-4.1925566, 43.3853601], [-4.1936601, 43.385711], [-4.1978068, 43.384961], [-4.199895, 43.3849069], [-4.2027962, 43.3841896], [-4.2044832, 43.3830628], [-4.207066, 43.3823747], [-4.2081766, 43.3825331], [-4.2092078, 43.3829161], [-4.2090994, 43.3842264], [-4.2126158, 43.3864676], [-4.2128119, 43.3868687], [-4.2126809, 43.3874623], [-4.2144199, 43.3876226], [-4.2164677, 43.3887141], [-4.217068, 43.3903328], [-4.2169025, 43.3913853], [-4.2162743, 43.3926636], [-4.2164308, 43.3928877], [-4.2178872, 43.3929203], [-4.2199783, 43.393664], [-4.2204684, 43.3934318], [-4.2212658, 43.3920604], [-4.2220178, 43.3917535], [-4.2220219, 43.3914551], [-4.2229159, 43.3912395], [-4.2233178, 43.3914724], [-4.223288, 43.3923201], [-4.2240639, 43.3929334], [-4.2248712, 43.3929447], [-4.2260569, 43.3925464], [-4.2262854, 43.3929748], [-4.2260785, 43.3937914], [-4.2261894, 43.394669], [-4.2267333, 43.3950205], [-4.2291851, 43.3934029], [-4.2306096, 43.3930482], [-4.2316055, 43.3920522], [-4.2356908, 43.3924666], [-4.2373223, 43.3919154], [-4.2411626, 43.3920574], [-4.24208, 43.3914384], [-4.243778, 43.3911569], [-4.2428124, 43.3903686], [-4.2422468, 43.3894929], [-4.242785, 43.3891853], [-4.2429989, 43.3886932], [-4.2434957, 43.3888292], [-4.244386, 43.3881141], [-4.2437429, 43.3871825], [-4.2436229, 43.3860266], [-4.2450583, 43.3852045], [-4.2472162, 43.3829439], [-4.2478545, 43.3826177], [-4.2491802, 43.3824989], [-4.2500509, 43.3831798], [-4.2510953, 43.3826733], [-4.2517695, 43.3826718], [-4.2520332, 43.3822046], [-4.2520236, 43.3810353], [-4.255702, 43.3813382], [-4.2572385, 43.3799385], [-4.2592363, 43.3797028], [-4.2598844, 43.3794], [-4.2602364, 43.3784026], [-4.260947, 43.3779685], [-4.2616454, 43.379729], [-4.2626324, 43.3798727], [-4.2632505, 43.3804022], [-4.2637306, 43.3822766], [-4.2649924, 43.3833327], [-4.2646819, 43.3840607], [-4.2656041, 43.3849071], [-4.2657711, 43.3857037], [-4.2665698, 43.385653], [-4.2666098, 43.3859984], [-4.2682681, 43.385992], [-4.2690005, 43.3849564], [-4.2691099, 43.3852008], [-4.2698706, 43.385414], [-4.2739928, 43.38601], [-4.2746795, 43.3865677], [-4.2762553, 43.3865516], [-4.2764846, 43.3869612], [-4.2771565, 43.3873391], [-4.2796523, 43.3874719], [-4.2803691, 43.3873913], [-4.2809054, 43.3870126], [-4.2821537, 43.3872796], [-4.2856376, 43.3871672], [-4.2903106, 43.3866982], [-4.2910108, 43.3858833], [-4.2920783, 43.3854585], [-4.2922141, 43.3856336], [-4.3049388, 43.3826507], [-4.3147003, 43.3788578], [-4.315986, 43.3788688], [-4.3169307, 43.3793314], [-4.3186228, 43.3818215], [-4.3185784, 43.3822423], [-4.3193918, 43.3822772], [-4.3197719, 43.3820548], [-4.3193984, 43.3815962], [-4.3217186, 43.3804975], [-4.3226565, 43.378556], [-4.3237998, 43.3775555], [-4.3240393, 43.377017], [-4.3248292, 43.3765796], [-4.3277804, 43.3765301], [-4.3276544, 43.3757558], [-4.3287086, 43.3743857], [-4.3283784, 43.3745186], [-4.3281585, 43.3741871], [-4.3286574, 43.3733917], [-4.3300175, 43.373483], [-4.3316786, 43.3724223], [-4.3319647, 43.3714916], [-4.3324447, 43.3713796], [-4.3334958, 43.3704127], [-4.336429, 43.371759], [-4.3385403, 43.3721285], [-4.3390349, 43.3731516], [-4.340034, 43.3740133], [-4.3417236, 43.3741354], [-4.3425195, 43.3748552], [-4.3437938, 43.3752548], [-4.3465026, 43.3753795], [-4.3468525, 43.3756507], [-4.348057, 43.3753403], [-4.3478249, 43.3747359], [-4.3481435, 43.3745127], [-4.3533999, 43.3757923], [-4.3551386, 43.3754869], [-4.3581981, 43.3759406], [-4.3590792, 43.3758395], [-4.3595673, 43.3754229], [-4.3598588, 43.3756687], [-4.361252, 43.3751554], [-4.3616411, 43.3755247], [-4.3627973, 43.3758956], [-4.3628651, 43.3762611], [-4.3634961, 43.3767465], [-4.3634558, 43.3771959], [-4.3645046, 43.3779548], [-4.3664063, 43.3771343], [-4.3682996, 43.3779399], [-4.3705655, 43.3780197], [-4.3721004, 43.3777944], [-4.3734956, 43.3780727], [-4.3755659, 43.3795833], [-4.3774964, 43.3801999], [-4.3790238, 43.3814218], [-4.3797881, 43.3824269], [-4.3800209, 43.3836022], [-4.3811319, 43.3844144], [-4.384726, 43.3850073], [-4.3881127, 43.3839494], [-4.389311, 43.3828629], [-4.3892408, 43.3825873], [-4.3909103, 43.3820369], [-4.3967071, 43.3814031], [-4.3970643, 43.3815453], [-4.3974814, 43.3811773], [-4.3990163, 43.3817035], [-4.4008553, 43.3806076], [-4.4014484, 43.3806273], [-4.4017508, 43.3801114], [-4.4046134, 43.3782947], [-4.4067575, 43.3781791], [-4.4080448, 43.376545], [-4.4096717, 43.3756579], [-4.4107218, 43.3743032], [-4.4106021, 43.3738274], [-4.4110775, 43.3727582], [-4.4108983, 43.3723956], [-4.4094261, 43.3714593], [-4.4097834, 43.3701712], [-4.4096084, 43.3681889], [-4.409175, 43.3668602], [-4.4094665, 43.3663876], [-4.4066095, 43.3652651], [-4.4059448, 43.3645129], [-4.4062189, 43.364133], [-4.4052502, 43.3634476], [-4.4065902, 43.3634491], [-4.4062814, 43.3630859], [-4.406185, 43.362319], [-4.4068947, 43.3619527], [-4.4075079, 43.3619745], [-4.4089951, 43.3600422], [-4.4114827, 43.3603839], [-4.4123317, 43.3607558], [-4.4134994, 43.3606484], [-4.4139156, 43.3602674], [-4.4147238, 43.3600576], [-4.4182248, 43.3616208], [-4.4184663, 43.3611475], [-4.4203001, 43.3606624], [-4.4230496, 43.3606272], [-4.4237909, 43.3598536], [-4.4262822, 43.3595069], [-4.4265568, 43.359045], [-4.4276235, 43.3586372], [-4.4296022, 43.3585315], [-4.4352784, 43.3598272], [-4.4361643, 43.3597108], [-4.4384275, 43.3585767], [-4.4405422, 43.3585389], [-4.4433323, 43.3581089], [-4.445494, 43.3581396], [-4.4463729, 43.358398], [-4.4469737, 43.359728], [-4.4467376, 43.3599796], [-4.4452812, 43.3597046], [-4.4456611, 43.3601185], [-4.4452669, 43.3604987], [-4.4453695, 43.3616366], [-4.4466949, 43.3620113], [-4.4475806, 43.3619805], [-4.4493711, 43.3625994], [-4.4547641, 43.3626568], [-4.4599032, 43.3623006], [-4.460635, 43.3615916], [-4.4620482, 43.3615392], [-4.4657271, 43.3602261], [-4.4690959, 43.360939], [-4.4706875, 43.3620699], [-4.4741707, 43.3634734], [-4.4768871, 43.3643711], [-4.479252, 43.3647341], [-4.4806056, 43.3652084], [-4.481566, 43.3658722], [-4.4825519, 43.3679204], [-4.4836589, 43.3687248], [-4.4838311, 43.369242], [-4.4831099, 43.3698408], [-4.4793952, 43.3706489], [-4.4796084, 43.3723666], [-4.4829489, 43.3720431], [-4.4861264, 43.3727608], [-4.4874531, 43.3738446], [-4.4898823, 43.3745309], [-4.4918461, 43.3745911], [-4.4947983, 43.3739423], [-4.4964752, 43.3738727], [-4.5021643, 43.373978], [-4.5050443, 43.374833], [-4.5069024, 43.375032], [-4.5176237, 43.3743813], [-4.5191423, 43.3750376], [-4.5208004, 43.3745819], [-4.5228312, 43.3745048], [-4.5293567, 43.3747275], [-4.5340394, 43.3746014], [-4.5367984, 43.3750573], [-4.5397307, 43.375114], [-4.5405359, 43.3748792], [-4.5419256, 43.3750388], [-4.5427533, 43.3757741], [-4.5439742, 43.3757435], [-4.5467738, 43.3770928], [-4.5503209, 43.3780314], [-4.5530765, 43.3792904], [-4.5539773, 43.3799697], [-4.5533206, 43.3800318], [-4.5530256, 43.3814505], [-4.560624, 43.383508], [-4.5653986, 43.383577], [-4.573268, 43.3858696], [-4.573439, 43.3856839], [-4.5756618, 43.3860536], [-4.5770651, 43.3869052], [-4.5793188, 43.3870852], [-4.5806339, 43.3877752], [-4.5863823, 43.3889802], [-4.5866255, 43.3896437], [-4.5871019, 43.3898052], [-4.5869551, 43.3912244], [-4.5877634, 43.3927622], [-4.5874749, 43.3932114], [-4.5875425, 43.3938499], [-4.5884832, 43.3942827], [-4.5878997, 43.3941691], [-4.5882311, 43.3945508], [-4.5898981, 43.3949961], [-4.5928642, 43.3949219], [-4.6002184, 43.3934271], [-4.6066319, 43.393221], [-4.61026, 43.3924657], [-4.6141798, 43.3920963], [-4.6230325, 43.3921005], [-4.6258831, 43.3924699], [-4.6290347, 43.3942419], [-4.6313931, 43.3949569], [-4.6345537, 43.3950279], [-4.6350169, 43.3954367], [-4.6352436, 43.3960752], [-4.6368254, 43.3967517], [-4.6378685, 43.3966667], [-4.6398206, 43.3959951], [-4.6417817, 43.3942812], [-4.6432742, 43.3938794], [-4.6477171, 43.3946095], [-4.6519411, 43.3962654], [-4.6525009, 43.3962413], [-4.6527375, 43.3965023], [-4.6529723, 43.3963467], [-4.6528337, 43.3961578], [-4.6553587, 43.3959417], [-4.656081, 43.3956128], [-4.6563694, 43.3958514], [-4.6564432, 43.3955556], [-4.6640227, 43.3954332], [-4.6679299, 43.3963453], [-4.6762773, 43.396168], [-4.6858658, 43.3972808], [-4.6924905, 43.3968869], [-4.6935994, 43.3971657], [-4.6954018, 43.3983044], [-4.6968483, 43.3988015], [-4.6979733, 43.3988404], [-4.7011529, 43.398329], [-4.7034246, 43.398901], [-4.7069682, 43.3990149], [-4.7117589, 43.3979942], [-4.7165686, 43.3972334], [-4.7168503, 43.3973756], [-4.7170208, 43.3971456], [-4.7269601, 43.3952013], [-4.7282312, 43.3952672], [-4.7295855, 43.395702], [-4.740849, 43.4024045], [-4.7409644, 43.4029685], [-4.7416586, 43.4028423], [-4.7461477, 43.403245], [-4.7476595, 43.4038128], [-4.7484497, 43.403846], [-4.7487832, 43.4044856], [-4.7502173, 43.4045756], [-4.7498404, 43.4048624], [-4.7477794, 43.4051453], [-4.7482577, 43.4054869], [-4.7480468, 43.4067557], [-4.7482392, 43.4071801], [-4.7480314, 43.4075736], [-4.7496621, 43.4093423], [-4.7508778, 43.409698], [-4.7517966, 43.4103577], [-4.7526043, 43.4140513], [-4.7537936, 43.4166939], [-4.7535594, 43.4185919], [-4.7543378, 43.4196147], [-4.7548299, 43.4198952], [-4.7552786, 43.4209362], [-4.7580026, 43.4213726], [-4.7624434, 43.4227535], [-4.7656274, 43.4230946], [-4.7684118, 43.4236951], [-4.7709736, 43.4232866], [-4.7726677, 43.4225797], [-4.775363, 43.422686], [-4.7765227, 43.4224483], [-4.7786286, 43.4227421], [-4.780474, 43.4231622], [-4.780535, 43.4238986], [-4.7830998, 43.4241104], [-4.7829243, 43.4242915], [-4.7833003, 43.4252392], [-4.7831373, 43.4255277], [-4.7837264, 43.4263055], [-4.7848428, 43.4261582], [-4.7848978, 43.4256625], [-4.7855713, 43.4254343], [-4.7859922, 43.4245116], [-4.7860481, 43.4248818], [-4.7865422, 43.4252786], [-4.786345, 43.4256495], [-4.7867283, 43.4264136], [-4.7877936, 43.4265752], [-4.7870456, 43.4270507], [-4.7865094, 43.4281971], [-4.7876171, 43.4291796], [-4.7905611, 43.4299496], [-4.7913044, 43.4300424], [-4.7937747, 43.4286982], [-4.7961775, 43.4287437], [-4.7972365, 43.4279453], [-4.7983701, 43.4266076], [-4.8005015, 43.4264859], [-4.801367, 43.4266483], [-4.8025594, 43.4273238], [-4.8041242, 43.4275674], [-4.8049987, 43.4279649], [-4.8058345, 43.4288431], [-4.8073317, 43.4293202], [-4.8070213, 43.4309112], [-4.8076922, 43.4311597], [-4.8087444, 43.4308733], [-4.8090828, 43.4314827], [-4.8089994, 43.431921], [-4.8095496, 43.4321856], [-4.8098932, 43.4326965], [-4.8115168, 43.4329717], [-4.8141463, 43.434076], [-4.815271, 43.4340083], [-4.8167374, 43.4345329], [-4.8195231, 43.4347511], [-4.8227309, 43.4342846], [-4.82478, 43.4348716], [-4.8257209, 43.4348616], [-4.8283783, 43.4343454], [-4.8303894, 43.4333901], [-4.8340827, 43.4335461], [-4.8357152, 43.4330016], [-4.8371296, 43.4332439], [-4.8376422, 43.4337102], [-4.8374919, 43.4339742], [-4.8385812, 43.4338283], [-4.8404888, 43.4349017], [-4.8454097, 43.4353933], [-4.8459505, 43.435937], [-4.8474544, 43.4358461], [-4.8485783, 43.4353642], [-4.8506717, 43.435356], [-4.8515618, 43.4348476], [-4.8529304, 43.4348081], [-4.8537566, 43.4344227], [-4.8545268, 43.4344509], [-4.8560029, 43.4353005], [-4.8569481, 43.435251], [-4.8590593, 43.4356964], [-4.8625381, 43.4351421], [-4.866792, 43.4350074], [-4.8672547, 43.4351106], [-4.8685105, 43.4362604], [-4.869125, 43.4364322], [-4.8686828, 43.4368575], [-4.8687711, 43.4370551], [-4.8704687, 43.4370654], [-4.8704474, 43.4378093], [-4.8712561, 43.4393672], [-4.8729463, 43.4411828], [-4.8748973, 43.4413712], [-4.8794884, 43.4428856], [-4.879599, 43.4426886], [-4.8809865, 43.4430374], [-4.8839942, 43.442501], [-4.8855627, 43.4417984], [-4.8892832, 43.4407385], [-4.8909482, 43.4398023], [-4.8934319, 43.4393122], [-4.8946692, 43.4399058], [-4.895503, 43.4394998], [-4.8965759, 43.4394161], [-4.8980512, 43.4386266], [-4.9011865, 43.4389363], [-4.9030961, 43.4384049], [-4.9049408, 43.4389193], [-4.908777, 43.4391077], [-4.9152415, 43.4363148], [-4.9210808, 43.4360557], [-4.9233042, 43.4353347], [-4.9256859, 43.4356164], [-4.9324046, 43.4355323], [-4.9357564, 43.4372397], [-4.9360347, 43.4376899], [-4.9369431, 43.4375693], [-4.9384247, 43.4378442], [-4.9394265, 43.4375394], [-4.9424096, 43.4385366], [-4.9435491, 43.4384484], [-4.9428928, 43.4404892], [-4.9431154, 43.4412974], [-4.9439925, 43.4418914], [-4.9454864, 43.4420961], [-4.9461133, 43.4427765], [-4.9532483, 43.4407578], [-4.958144, 43.4403127], [-4.9605664, 43.4408651], [-4.9614658, 43.4426057], [-4.9620836, 43.4431165], [-4.9629918, 43.4430463], [-4.9639323, 43.4435912], [-4.9658354, 43.4440644], [-4.9679674, 43.443721], [-4.9687223, 43.4438452], [-4.9699417, 43.4444321], [-4.9733312, 43.4439086], [-4.9743421, 43.4433374], [-4.9771905, 43.4433975], [-4.9834429, 43.4412777], [-4.983922, 43.4420216], [-4.9829461, 43.4431024], [-4.9825654, 43.4447386], [-4.9803878, 43.4463149], [-4.9843167, 43.4460958], [-4.9855534, 43.4465538], [-4.9858088, 43.4469999], [-4.9877148, 43.4474241], [-4.9882214, 43.4470557], [-4.990593, 43.4463686], [-4.9920891, 43.4463096], [-4.9939498, 43.4467363], [-4.9959612, 43.4466389], [-4.9981135, 43.4469007], [-4.9986324, 43.4471451], [-4.9993595, 43.4479981], [-5.0056295, 43.4487278], [-5.0079426, 43.4506272], [-5.0100473, 43.4515577], [-5.0123759, 43.4509151], [-5.014973, 43.4510252], [-5.0165005, 43.4514327], [-5.0236821, 43.4549971], [-5.0278732, 43.4555351], [-5.0329498, 43.4574786], [-5.0363021, 43.4571874], [-5.0410295, 43.4582611], [-5.042443, 43.4584238], [-5.0443978, 43.458169], [-5.0458172, 43.4590803], [-5.0467749, 43.4581514], [-5.0497125, 43.4587364], [-5.0512189, 43.4596855], [-5.0543895, 43.4601656], [-5.0562541, 43.4597277], [-5.0585995, 43.4597196], [-5.0599246, 43.4602984], [-5.0605078, 43.4608356], [-5.0604573, 43.4612245], [-5.0609708, 43.4615841], [-5.0649423, 43.462895], [-5.0656817, 43.4636154], [-5.0662983, 43.4638333], [-5.0668971, 43.4654051], [-5.0709799, 43.4653197], [-5.0749934, 43.4664704], [-5.0753902, 43.4656829], [-5.0788656, 43.4672058], [-5.0878476, 43.468062], [-5.0932659, 43.4676188], [-5.0959751, 43.4679669], [-5.098391, 43.4678558], [-5.1010694, 43.467451], [-5.1025152, 43.4677176], [-5.1050691, 43.4687179], [-5.1061516, 43.4686933], [-5.1075406, 43.4691361], [-5.1087728, 43.4688868], [-5.1105926, 43.4671238], [-5.1113423, 43.4666793], [-5.1119735, 43.4667075], [-5.1133821, 43.467246], [-5.1149332, 43.4685647], [-5.1153487, 43.4693555], [-5.1161321, 43.4697797], [-5.1185898, 43.4698365], [-5.1232159, 43.4712675], [-5.1238512, 43.4717854], [-5.1238571, 43.4724667], [-5.1254232, 43.4732843], [-5.1255195, 43.4741519], [-5.1274016, 43.4759667], [-5.1276437, 43.4767257], [-5.1296171, 43.4768349], [-5.1315305, 43.4780125], [-5.1323769, 43.4781673], [-5.1343795, 43.4794742], [-5.1368248, 43.4794894], [-5.1368686, 43.4785257], [-5.1374588, 43.4782274], [-5.1396397, 43.4778792], [-5.1410245, 43.478007], [-5.1441127, 43.4767818], [-5.1444138, 43.4762493], [-5.1442605, 43.4756594], [-5.1470589, 43.4743936], [-5.1490534, 43.4750479], [-5.1498527, 43.4756011], [-5.1506124, 43.4755601], [-5.1516894, 43.4759535], [-5.1518842, 43.4757199], [-5.1517776, 43.4753319], [-5.1525403, 43.4743494], [-5.1522295, 43.4740346], [-5.1523305, 43.4738553], [-5.1543227, 43.4730061], [-5.1549263, 43.4730841], [-5.1549285, 43.4723664], [-5.1567066, 43.4717949], [-5.1569943, 43.4714979], [-5.1575864, 43.4716773], [-5.1582747, 43.4725342], [-5.1608894, 43.473461], [-5.1620754, 43.4731985], [-5.163356, 43.4736666], [-5.1671966, 43.4732073], [-5.1673781, 43.4734621], [-5.1707601, 43.4727378], [-5.1713579, 43.473076], [-5.1735572, 43.4733251], [-5.1751111, 43.4740054], [-5.1768724, 43.473842], [-5.1784969, 43.4739935], [-5.1790431, 43.4742742], [-5.1807954, 43.4739335], [-5.1834731, 43.4745516], [-5.1846314, 43.4741912], [-5.1869355, 43.4754347], [-5.1882712, 43.4753391], [-5.1927934, 43.4743072], [-5.1947343, 43.4743847], [-5.1959486, 43.4749425], [-5.1971073, 43.4750978], [-5.2021251, 43.4750778], [-5.2028583, 43.4748289], [-5.2039643, 43.474897], [-5.2046859, 43.4741083], [-5.2057913, 43.4742415], [-5.2082959, 43.4738138], [-5.2099502, 43.4740979], [-5.2125255, 43.474057], [-5.2157517, 43.4729955], [-5.2188099, 43.4743772], [-5.2180476, 43.4748353], [-5.219447, 43.4756549], [-5.2211248, 43.4760483], [-5.2217499, 43.4756996], [-5.222307, 43.4759469], [-5.2228763, 43.4757377], [-5.2237676, 43.4760143], [-5.2245435, 43.4763528], [-5.2245849, 43.4769838], [-5.2295584, 43.4790302], [-5.2301384, 43.4791121], [-5.2315472, 43.4785558], [-5.2321029, 43.4786797], [-5.2331958, 43.4796785], [-5.2371988, 43.479593], [-5.2385392, 43.4791345], [-5.2421408, 43.4798747], [-5.2444982, 43.4798613], [-5.2451402, 43.4802728], [-5.2455804, 43.481135], [-5.2460378, 43.481286], [-5.2507502, 43.4815975], [-5.2524763, 43.4819186], [-5.2533017, 43.4824912], [-5.2551764, 43.4828919], [-5.2613618, 43.4836215], [-5.2641298, 43.4845238], [-5.2668578, 43.4846569], [-5.268574, 43.4852632], [-5.2700354, 43.4853834], [-5.270708, 43.4849842], [-5.2734324, 43.4847402], [-5.2746347, 43.4854747], [-5.2751832, 43.4854583], [-5.2772729, 43.4848584], [-5.2849874, 43.4837341], [-5.287272, 43.4844942], [-5.2885468, 43.4846571], [-5.2926451, 43.4839264], [-5.2975029, 43.4841878], [-5.2981572, 43.4835342], [-5.2981328, 43.4828817], [-5.2983657, 43.482572], [-5.3006785, 43.4820055], [-5.3017042, 43.4821582], [-5.3030725, 43.4810026], [-5.3033775, 43.4810036], [-5.3034398, 43.4814985], [-5.3036949, 43.4816122], [-5.3042231, 43.4812423], [-5.3064977, 43.4812646], [-5.310312, 43.4803916], [-5.3106596, 43.4798164], [-5.3103316, 43.4790762], [-5.3112729, 43.4785724], [-5.3133758, 43.4792503], [-5.3153182, 43.4784811], [-5.3164716, 43.4789424], [-5.3174645, 43.4785507], [-5.3184856, 43.4789788], [-5.3204273, 43.4791386], [-5.3239182, 43.4783249], [-5.3244462, 43.4789262], [-5.325031, 43.4788767], [-5.326957, 43.478122], [-5.3285142, 43.4781817], [-5.330132, 43.4776781], [-5.330958, 43.4778478], [-5.3310312, 43.478574], [-5.3356877, 43.4786005], [-5.339101, 43.4798039], [-5.3434022, 43.4808223], [-5.3447915, 43.4823203], [-5.3457733, 43.4821772], [-5.3467375, 43.4825527], [-5.3484274, 43.4825583], [-5.3496575, 43.4831156], [-5.351491, 43.4832934], [-5.3544142, 43.4840249], [-5.3548099, 43.4842489], [-5.3550592, 43.4848053], [-5.3564591, 43.4846947], [-5.3585348, 43.4851721], [-5.3603172, 43.4862284], [-5.3606905, 43.4868422], [-5.36003, 43.487182], [-5.3602619, 43.4874577], [-5.3613367, 43.4875947], [-5.3610414, 43.4889138], [-5.3611891, 43.489518], [-5.3616805, 43.4902697], [-5.362291, 43.4903368], [-5.3634286, 43.4919536], [-5.3639628, 43.4929375], [-5.363549, 43.4935541], [-5.3640238, 43.4940895], [-5.3715699, 43.4945026], [-5.3729462, 43.4943499], [-5.3740688, 43.4946052], [-5.3741204, 43.4953199], [-5.376006, 43.49643], [-5.376153, 43.4972347], [-5.376618, 43.4976735], [-5.379155, 43.4995343], [-5.3808777, 43.5003806], [-5.3887071, 43.5013129], [-5.3896203, 43.5010785], [-5.389939, 43.5002747], [-5.3903068, 43.5001715], [-5.3920349, 43.5006781], [-5.3933286, 43.5006828], [-5.3945202, 43.5001155], [-5.3966859, 43.499608], [-5.3976829, 43.4987751], [-5.3997921, 43.4986696], [-5.4009091, 43.4988107], [-5.4023956, 43.499473], [-5.4031424, 43.4993729], [-5.4035388, 43.5001379], [-5.404467, 43.5008081], [-5.4093462, 43.5012016], [-5.4103708, 43.5006882], [-5.4123768, 43.4991013], [-5.4135284, 43.4978506], [-5.4136805, 43.4974942], [-5.4134075, 43.4969134], [-5.4143134, 43.4964472], [-5.4170983, 43.4925838], [-5.4182444, 43.4930055], [-5.4196213, 43.492938], [-5.4221369, 43.4921095], [-5.4230294, 43.4911509], [-5.4227713, 43.4901386], [-5.4237303, 43.4900911], [-5.4248875, 43.4896746], [-5.4252403, 43.4888862], [-5.426024, 43.4881224], [-5.4277733, 43.4872143], [-5.4290044, 43.4858872], [-5.4306197, 43.4847812], [-5.4312943, 43.4839449], [-5.4314883, 43.4832784], [-5.4333892, 43.4815981], [-5.4349918, 43.4809973], [-5.4360707, 43.4820664], [-5.43722, 43.4821578], [-5.4370207, 43.4787925], [-5.4381876, 43.476855], [-5.439244, 43.4761143], [-5.4402878, 43.4748131], [-5.4412562, 43.4726953], [-5.4413043, 43.4718861], [-5.4438117, 43.4699001], [-5.4442557, 43.4682894], [-5.4455606, 43.4664915], [-5.4474358, 43.4657069], [-5.4491151, 43.4660071], [-5.4513203, 43.465304], [-5.453095, 43.4660991], [-5.4557748, 43.4666027], [-5.4615035, 43.4662475], [-5.4639407, 43.4667209], [-5.4659695, 43.4664969], [-5.4668916, 43.4658649], [-5.4707141, 43.4663677], [-5.4723541, 43.4663215], [-5.4760187, 43.4655267], [-5.4774575, 43.464658], [-5.4789049, 43.4643418], [-5.4838893, 43.4611671], [-5.4861852, 43.4611443], [-5.4879136, 43.4603819], [-5.4914944, 43.4595506], [-5.4939916, 43.4599509], [-5.4963293, 43.4594143], [-5.5000844, 43.4581154], [-5.5016664, 43.4596654], [-5.4998202, 43.4604963], [-5.4986439, 43.4606499], [-5.4983303, 43.4609852], [-5.4987886, 43.4617084], [-5.4993693, 43.4618646], [-5.500169, 43.4625326], [-5.500555, 43.4633043], [-5.5026503, 43.4648316], [-5.5018676, 43.4652268], [-5.5018638, 43.4662205], [-5.5015256, 43.4666929], [-5.4994839, 43.4675217], [-5.4947495, 43.4683309], [-5.4957389, 43.470903], [-5.4968554, 43.4717396], [-5.4969153, 43.4713255], [-5.4976683, 43.4714145], [-5.4984929, 43.4723382], [-5.4989531, 43.4732972], [-5.499887, 43.4727249], [-5.4999464, 43.4719504], [-5.5006084, 43.4722742], [-5.5010126, 43.4718357], [-5.5017388, 43.4717604], [-5.5022183, 43.4719134], [-5.5021284, 43.4720962], [-5.5029026, 43.4728077], [-5.5039866, 43.4728336], [-5.5046941, 43.4736824], [-5.5042377, 43.4741785], [-5.5043642, 43.4745366], [-5.5061986, 43.4752033], [-5.5082203, 43.4752866], [-5.5090081, 43.4745891], [-5.510017, 43.4741661], [-5.5143302, 43.4734332], [-5.5141016, 43.4746649], [-5.5129113, 43.4760555], [-5.5131033, 43.4773067], [-5.5142747, 43.4786461], [-5.5163633, 43.4799267], [-5.5172936, 43.4809733], [-5.5181363, 43.481497], [-5.5210917, 43.4825257], [-5.5257388, 43.484636], [-5.5277269, 43.4846514], [-5.5286632, 43.4856024], [-5.5325351, 43.4870941], [-5.5320693, 43.485671], [-5.5315279, 43.4849527], [-5.5316679, 43.4846914], [-5.5326849, 43.4835164], [-5.5343663, 43.4836516], [-5.5348193, 43.4833748], [-5.5351496, 43.4834719], [-5.5365154, 43.4846766], [-5.5376314, 43.4862532], [-5.5390717, 43.4872485], [-5.5392299, 43.4876953], [-5.5397337, 43.4875662], [-5.5413957, 43.4879338], [-5.542496, 43.489115], [-5.5466472, 43.4908644], [-5.5470081, 43.4913791], [-5.5466892, 43.4920566], [-5.5469998, 43.4929959], [-5.5480127, 43.4928816], [-5.5493998, 43.4932036], [-5.5485404, 43.4937254], [-5.5482171, 43.4943015], [-5.5502155, 43.4940926], [-5.5522305, 43.494378], [-5.5533264, 43.4949886], [-5.554099, 43.4961378], [-5.5546475, 43.4962187], [-5.5555294, 43.4969933], [-5.5563895, 43.4970853], [-5.5572285, 43.496861], [-5.5582866, 43.497312], [-5.5624531, 43.4980314], [-5.5630005, 43.4985014], [-5.5660067, 43.4998867], [-5.5681674, 43.5001709], [-5.5701791, 43.5016037], [-5.5714677, 43.5010403], [-5.5719906, 43.5030897], [-5.5755119, 43.5046096], [-5.5777009, 43.5051987], [-5.5786567, 43.5070156], [-5.5796927, 43.5078377], [-5.5824135, 43.5087293], [-5.5858091, 43.5107072], [-5.586872, 43.5109983], [-5.5883352, 43.5108361], [-5.5890126, 43.5118112], [-5.5893925, 43.5133814], [-5.5911499, 43.5127095], [-5.5926033, 43.5126351], [-5.5962621, 43.5131584], [-5.5988383, 43.5141867], [-5.5988067, 43.5163029], [-5.5983093, 43.5170434], [-5.5984743, 43.5177292], [-5.5977869, 43.5184551], [-5.5977185, 43.5191519], [-5.5972309, 43.5199782], [-5.5973573, 43.5210554], [-5.598223, 43.5213194], [-5.5994564, 43.5226969], [-5.6005615, 43.5229826], [-5.6014126, 43.5235192], [-5.6031702, 43.5232736], [-5.6033719, 43.5237702], [-5.6022486, 43.5253165], [-5.6019362, 43.5261316], [-5.6021758, 43.526284], [-5.6032257, 43.5264772], [-5.6045814, 43.5271201], [-5.6071224, 43.527301], [-5.6089711, 43.5284994], [-5.6106729, 43.5290537], [-5.612418, 43.5291724], [-5.6138763, 43.5286608], [-5.6157206, 43.528828], [-5.6176596, 43.5301441], [-5.6189148, 43.5324064], [-5.6193804, 43.532752], [-5.6208989, 43.5331642], [-5.6207749, 43.5338849], [-5.6223883, 43.5341787], [-5.6258502, 43.5337933], [-5.6287725, 43.5326221], [-5.6335306, 43.5336613], [-5.6337093, 43.5335039], [-5.6342217, 43.5337901], [-5.6347012, 43.5333034], [-5.6356628, 43.534129], [-5.6378162, 43.5342517], [-5.6427711, 43.5350747], [-5.6596111, 43.5424626], [-5.6612965, 43.5435145], [-5.6617992, 43.5451875], [-5.6638911, 43.5451043], [-5.6641812, 43.5449927], [-5.6645987, 43.5442009], [-5.6655151, 43.5439529], [-5.6677615, 43.5426181], [-5.6778095, 43.5396949], [-5.6781516, 43.5400791], [-5.684908, 43.5405812], [-5.7009905, 43.5388622], [-5.714757, 43.536889], [-5.7159857, 43.5369434], [-5.7164883, 43.5364502], [-5.7182751, 43.5358762], [-5.7189138, 43.5359378], [-5.720169, 43.5370771], [-5.7209997, 43.5400475], [-5.7215691, 43.5407104], [-5.7250738, 43.5415661], [-5.7260552, 43.5413069], [-5.7275441, 43.5403788], [-5.7283535, 43.539437], [-5.7285414, 43.5384194], [-5.7291531, 43.5384372], [-5.7289792, 43.5397485], [-5.7292152, 43.5398962], [-5.7308557, 43.5372526], [-5.7321652, 43.5376445], [-5.7322888, 43.5369898], [-5.7336371, 43.5362606], [-5.7344983, 43.5363288], [-5.7350047, 43.5366286], [-5.7390365, 43.5357415], [-5.7400613, 43.535806], [-5.7408997, 43.5360452], [-5.7421289, 43.5375034], [-5.7460771, 43.5380257], [-5.7482825, 43.5379477], [-5.7533365, 43.5370516], [-5.7556404, 43.5374321], [-5.7590859, 43.5372607], [-5.762952, 43.5367796], [-5.7636598, 43.5363477], [-5.7645656, 43.5369245], [-5.7652707, 43.5359239], [-5.7664227, 43.5350802], [-5.769537, 43.5334638], [-5.7725041, 43.5334251], [-5.7749851, 43.5327118], [-5.7761182, 43.5329536], [-5.7771212, 43.5336918], [-5.7774112, 43.5343746], [-5.7770633, 43.534854], [-5.7797096, 43.5349595], [-5.7823445, 43.5346345], [-5.7827221, 43.5349937], [-5.7836429, 43.5351616], [-5.7848426, 43.5349469], [-5.7862429, 43.5357542], [-5.7885001, 43.5366016], [-5.7893944, 43.5377756], [-5.7899952, 43.5380711], [-5.793611, 43.5358007], [-5.7967929, 43.5345097], [-5.7977894, 43.5350669], [-5.7994305, 43.5353908], [-5.8023741, 43.5348771], [-5.8045972, 43.5349054], [-5.809796, 43.5340271], [-5.8142848, 43.532337], [-5.820764, 43.5316704], [-5.8225664, 43.5311392], [-5.826282, 43.5305546], [-5.8281648, 43.5310503], [-5.8284432, 43.5313937], [-5.8293623, 43.5307434], [-5.8302773, 43.5307108], [-5.831302, 43.5313172], [-5.8326535, 43.5327862], [-5.8338946, 43.5322516], [-5.8346167, 43.5323648], [-5.835645, 43.5337295], [-5.8366102, 43.534292], [-5.838202, 43.5344191], [-5.8381328, 43.5354764], [-5.8378909, 43.5356664], [-5.8381687, 43.5362271], [-5.8373271, 43.5367406], [-5.8373696, 43.5376555], [-5.8369235, 43.5373105], [-5.8360634, 43.5377228], [-5.8358727, 43.5375115], [-5.8350394, 43.5380214], [-5.8395951, 43.5414292], [-5.8424111, 43.5429835], [-5.8472816, 43.5450855], [-5.8521741, 43.546046], [-5.8566632, 43.5486529], [-5.8579547, 43.5497953], [-5.8583441, 43.5497994], [-5.8581863, 43.5500057], [-5.8584936, 43.5502448], [-5.8622419, 43.5512094], [-5.8623398, 43.5515135], [-5.8638993, 43.5516161], [-5.8687236, 43.5506614], [-5.8705099, 43.5510703], [-5.8735697, 43.5508498], [-5.8770102, 43.5511622], [-5.878677, 43.5514435], [-5.8838234, 43.5533099], [-5.8835346, 43.5541609], [-5.8837733, 43.5540149], [-5.8836928, 43.5549712], [-5.8919449, 43.5555175], [-5.8919786, 43.555215], [-5.8953697, 43.555179], [-5.8996383, 43.5535468], [-5.9075249, 43.5528243], [-5.9088838, 43.5523545], [-5.9115785, 43.5525787], [-5.9149858, 43.5535515], [-5.9137033, 43.5531061], [-5.9144019, 43.5521364], [-5.9177594, 43.5522658], [-5.9194142, 43.5515182], [-5.9211834, 43.5541633], [-5.9213346, 43.5550297], [-5.9219375, 43.5553297], [-5.9225852, 43.5552541], [-5.9224142, 43.5556417], [-5.923136, 43.5560385], [-5.924654, 43.5577659], [-5.9242392, 43.558659], [-5.9243251, 43.5600768], [-5.9250851, 43.5600756], [-5.9268292, 43.5606138], [-5.9277417, 43.5613745], [-5.9281559, 43.5623837], [-5.9309781, 43.5632482], [-5.9333204, 43.5634276], [-5.9353673, 43.5652329], [-5.9394858, 43.5665969], [-5.9428704, 43.5662358], [-5.9461346, 43.5668671], [-5.9479893, 43.5693607], [-5.9482224, 43.5714521], [-5.9454288, 43.5727978], [-5.9442813, 43.572982], [-5.9424398, 43.572643], [-5.9423266, 43.5730047], [-5.9429587, 43.5734628], [-5.9423848, 43.5737003], [-5.9428569, 43.5741846], [-5.9439662, 43.5743365], [-5.9459333, 43.5736559], [-5.947703, 43.5739535], [-5.9497051, 43.5756795], [-5.9563825, 43.5746008], [-5.9578353, 43.5746287], [-5.9602511, 43.5734026], [-5.9611568, 43.5731867], [-5.9604961, 43.572773], [-5.9613256, 43.5724861], [-5.962048, 43.571376], [-5.9634405, 43.5704918], [-5.9646443, 43.5701735], [-5.9685887, 43.5707762], [-5.9701136, 43.5696937], [-5.971014, 43.5696355], [-5.9720651, 43.5691264], [-5.9738059, 43.5678623], [-5.9744277, 43.5678382], [-5.9746278, 43.5681574], [-5.9761829, 43.567184], [-5.9765967, 43.5666151], [-5.9782569, 43.5658345], [-5.9790126, 43.5648152], [-5.9804892, 43.5641832], [-5.9835842, 43.5632965], [-5.9849522, 43.562596], [-5.9876796, 43.5625026], [-5.9902166, 43.5617817], [-5.9905871, 43.5618729], [-5.9926017, 43.5591745], [-5.9956998, 43.5566767], [-5.9995886, 43.5542845], [-6.0002967, 43.5533437], [-6.0017486, 43.5521247], [-6.0040411, 43.5506751], [-6.0102587, 43.5480507], [-6.0136628, 43.5480596], [-6.0153481, 43.548695], [-6.0177946, 43.5479357], [-6.0231343, 43.5471478], [-6.0249701, 43.5477697], [-6.0254845, 43.5483311], [-6.0274458, 43.5484001], [-6.0274412, 43.548897], [-6.0278627, 43.5492464], [-6.0277633, 43.549792], [-6.0284114, 43.5507669], [-6.0270466, 43.5523686], [-6.0284628, 43.5516387], [-6.0289051, 43.5516667], [-6.0307947, 43.5505738], [-6.0343809, 43.5512285], [-6.0412895, 43.5504111], [-6.0423243, 43.5499252], [-6.0444466, 43.5500763], [-6.0454082, 43.5493423], [-6.0456303, 43.5484165], [-6.046284, 43.5473658], [-6.0473909, 43.5466291], [-6.0491167, 43.5460344], [-6.0505187, 43.5448872], [-6.0509861, 43.5448935], [-6.0547322, 43.5468454], [-6.0561786, 43.5472083], [-6.0574828, 43.547111], [-6.0589714, 43.5466338], [-6.0592006, 43.5462227], [-6.0603686, 43.5468249], [-6.0617501, 43.5467129], [-6.064832, 43.5452219], [-6.0669538, 43.5449403], [-6.0689323, 43.5441141], [-6.0693339, 43.5437225], [-6.0707739, 43.5438399], [-6.0716499, 43.5434031], [-6.0714358, 43.5428424], [-6.0721357, 43.5416521], [-6.0719785, 43.5412623], [-6.0723902, 43.5410698], [-6.0727282, 43.541446], [-6.0725029, 43.5410962], [-6.0730407, 43.5412134], [-6.0731722, 43.5401548], [-6.0719987, 43.5394214], [-6.0721411, 43.5385455], [-6.0713532, 43.5367099], [-6.071967, 43.5353566], [-6.0716523, 43.5350026], [-6.0707526, 43.534809], [-6.0707765, 43.5344672], [-6.0714309, 43.5341405], [-6.0776845, 43.533891], [-6.0824138, 43.5318562], [-6.0829298, 43.5314257], [-6.0838628, 43.5311986], [-6.084675, 43.5316387], [-6.0845509, 43.532074], [-6.082903, 43.5334865], [-6.0814181, 43.5343763], [-6.0811853, 43.5350635], [-6.0814847, 43.5355301], [-6.0822365, 43.5387178], [-6.0831133, 43.5393254], [-6.086544, 43.5398872], [-6.0896101, 43.5414511], [-6.0907159, 43.5412702], [-6.0946533, 43.5414384], [-6.0972183, 43.5407048], [-6.1001195, 43.540415], [-6.102009, 43.5409007], [-6.1026391, 43.5416917], [-6.1028621, 43.5416095], [-6.102757, 43.5418405], [-6.1031617, 43.5421801], [-6.1039413, 43.5419259], [-6.1048964, 43.5420429], [-6.1051565, 43.5423546], [-6.1070444, 43.5423282], [-6.1080155, 43.5421709], [-6.1088353, 43.5415631], [-6.1101276, 43.5424467], [-6.1123903, 43.5430442], [-6.1128566, 43.5434478], [-6.1130458, 43.5428943], [-6.1147337, 43.5431286], [-6.1157607, 43.542974], [-6.1192474, 43.5436725], [-6.1185046, 43.5440586], [-6.1207947, 43.5466728], [-6.1218287, 43.5471161], [-6.1218344, 43.5475461], [-6.1223358, 43.5476074], [-6.1217893, 43.5484215], [-6.124134, 43.5489229], [-6.1250089, 43.5501654], [-6.1272918, 43.5493362], [-6.1289107, 43.549142], [-6.129317, 43.5478531], [-6.1302032, 43.5476936], [-6.1309706, 43.546642], [-6.1309506, 43.5459297], [-6.1314421, 43.5450849], [-6.1347432, 43.5481243], [-6.1360058, 43.5489307], [-6.1367901, 43.5490917], [-6.1405969, 43.5520346], [-6.1434688, 43.5521492], [-6.145098, 43.5519298], [-6.1482823, 43.5508468], [-6.1489786, 43.5510949], [-6.149415, 43.5516638], [-6.1505197, 43.5517469], [-6.1507483, 43.5522559], [-6.1506103, 43.5527811], [-6.1510759, 43.5531335], [-6.1534182, 43.5517789], [-6.1541343, 43.5503812], [-6.1549754, 43.5507193], [-6.159567, 43.5503272], [-6.1603056, 43.5504921], [-6.1605625, 43.5509818], [-6.1622506, 43.5514277], [-6.1633787, 43.5527227], [-6.1636119, 43.5527595], [-6.1642929, 43.55183], [-6.1664611, 43.5518617], [-6.167085, 43.5522246], [-6.1679974, 43.5533332], [-6.1696942, 43.5532566], [-6.1723938, 43.5537367], [-6.1745656, 43.5554694], [-6.1747083, 43.5566535], [-6.1755667, 43.5572507], [-6.1770818, 43.5575482], [-6.1772743, 43.5585032], [-6.1784445, 43.5588128], [-6.1803773, 43.5598518], [-6.1811032, 43.5598922], [-6.1811726, 43.5596317], [-6.1835086, 43.5589693], [-6.1843664, 43.5581108], [-6.1847422, 43.5570816], [-6.1852715, 43.5569368], [-6.1850417, 43.5573415], [-6.1851687, 43.5585894], [-6.1854387, 43.5586321], [-6.1847405, 43.5599377], [-6.1846802, 43.5606797], [-6.1850925, 43.5601582], [-6.1869525, 43.5591191], [-6.1899383, 43.5599347], [-6.1906537, 43.5588326], [-6.1918809, 43.5586656], [-6.1932132, 43.5577175], [-6.1952038, 43.5568203], [-6.196055, 43.5569551], [-6.1965804, 43.555675], [-6.19769, 43.5551793], [-6.1985655, 43.5555626], [-6.2024243, 43.5562207], [-6.2051114, 43.5562323], [-6.2056347, 43.5553349], [-6.2068243, 43.5546624], [-6.2053061, 43.5540362], [-6.2061151, 43.5526478], [-6.2098819, 43.5511373], [-6.2145967, 43.5512597], [-6.215586, 43.5510169], [-6.2164445, 43.5512101], [-6.2166902, 43.5518129], [-6.2181779, 43.5529632], [-6.2223538, 43.5516647], [-6.2250389, 43.5519733], [-6.2262106, 43.5526301], [-6.2282975, 43.5543774], [-6.2287743, 43.5555085], [-6.2280936, 43.5580065], [-6.2282178, 43.5578888], [-6.2283638, 43.5582792], [-6.2302954, 43.5599757], [-6.2308378, 43.5619076], [-6.2304097, 43.5620964], [-6.2303963, 43.5623557], [-6.2317731, 43.5630146], [-6.2336656, 43.5629704], [-6.2346309, 43.5634975], [-6.2350136, 43.5641082], [-6.2345663, 43.5642038], [-6.2351334, 43.5645764], [-6.2375995, 43.5649633], [-6.2390048, 43.5643895], [-6.2409723, 43.5639743], [-6.2415939, 43.5640644], [-6.2422299, 43.5634086], [-6.2428187, 43.5640079], [-6.2439008, 43.5639828], [-6.2440251, 43.5636275], [-6.2454393, 43.5626106], [-6.2477509, 43.5616005], [-6.2493677, 43.5604021], [-6.2511443, 43.5597606], [-6.2524194, 43.5589603], [-6.2532921, 43.5581031], [-6.2538496, 43.5566202], [-6.2557373, 43.5557373], [-6.256623, 43.5548328], [-6.258806, 43.5536712], [-6.2618292, 43.5528588], [-6.2646865, 43.5517465], [-6.2666893, 43.551338], [-6.2690492, 43.5500295], [-6.2720571, 43.5498517], [-6.2763746, 43.5474905], [-6.2778965, 43.5452018], [-6.2782941, 43.5449733], [-6.2837691, 43.5432027], [-6.2855093, 43.5437091], [-6.2859466, 43.5443298], [-6.2869133, 43.5446832], [-6.2887005, 43.5443603], [-6.2892889, 43.5439186], [-6.289173, 43.5411992], [-6.29001, 43.5403155], [-6.2923585, 43.540052], [-6.294392, 43.5391242], [-6.2964991, 43.5387754], [-6.2969057, 43.5380883], [-6.2984226, 43.5377967], [-6.2994795, 43.5369858], [-6.3006143, 43.5370986], [-6.3037636, 43.5365988], [-6.3092172, 43.5365308], [-6.3114356, 43.5355312], [-6.312078, 43.5338604], [-6.3150717, 43.5324371], [-6.3166714, 43.5311766], [-6.3177329, 43.5309515], [-6.3197454, 43.5311053], [-6.3215519, 43.5298614], [-6.3231207, 43.5296721], [-6.3243908, 43.5282694], [-6.3253631, 43.5266699], [-6.3272204, 43.5254352], [-6.3284767, 43.5249107], [-6.3332187, 43.5248614], [-6.3352819, 43.5251277], [-6.3371488, 43.5240328], [-6.3424971, 43.523284], [-6.3446045, 43.5226573], [-6.3500546, 43.5228245], [-6.3518043, 43.5232875], [-6.352356, 43.5232437], [-6.3522477, 43.5228131], [-6.3531916, 43.5233224], [-6.3548908, 43.523325], [-6.3564113, 43.523681], [-6.3578743, 43.5242811], [-6.3587228, 43.5251296], [-6.359608, 43.5254092], [-6.3632207, 43.5253953], [-6.3653737, 43.5257492], [-6.3658665, 43.5262308], [-6.3655063, 43.5275474], [-6.3656882, 43.5280705], [-6.3666312, 43.5287017], [-6.3684819, 43.5291091], [-6.3701281, 43.5311223], [-6.3720604, 43.5316438], [-6.3722233, 43.5310955], [-6.371487, 43.529883], [-6.3735883, 43.5308398], [-6.3740749, 43.5315653], [-6.3741167, 43.5323166], [-6.3746655, 43.5319209], [-6.374736, 43.5315581], [-6.3742796, 43.5298041], [-6.3784303, 43.5332229], [-6.3882282, 43.5325738], [-6.3925492, 43.5312317], [-6.3929801, 43.5315238], [-6.3940306, 43.5314337], [-6.3959547, 43.5299756], [-6.39767, 43.5305355], [-6.3982883, 43.5303609], [-6.3984384, 43.5304322], [-6.3981849, 43.5309259], [-6.3987254, 43.5311742], [-6.3996761, 43.5307999], [-6.3993349, 43.5317494], [-6.3976425, 43.5340905], [-6.3976693, 43.5353466], [-6.3982111, 43.5367272], [-6.3985223, 43.5372444], [-6.3992196, 43.5375477], [-6.3971924, 43.5384016], [-6.3969505, 43.539496], [-6.3980931, 43.5402776], [-6.3980287, 43.5409445], [-6.3999255, 43.5413282], [-6.3999808, 43.5418246], [-6.40256, 43.5413483], [-6.4027259, 43.5421206], [-6.4020037, 43.5434207], [-6.4017498, 43.5451124], [-6.4034928, 43.5450233], [-6.4059097, 43.5432314], [-6.4071906, 43.5443686], [-6.4088047, 43.5451597], [-6.4148331, 43.5457951], [-6.4167095, 43.5453811], [-6.4188403, 43.5456657], [-6.4201049, 43.5452348], [-6.4209925, 43.544599], [-6.4212008, 43.5441791], [-6.4221286, 43.544183], [-6.4229186, 43.5438673], [-6.4237592, 43.5432165], [-6.4240943, 43.5426076], [-6.4254331, 43.5422661], [-6.4265443, 43.5423004], [-6.428926, 43.5429451], [-6.4317452, 43.5441781], [-6.4339899, 43.54603], [-6.4413843, 43.546378], [-6.4413225, 43.5468601], [-6.4425527, 43.5477016], [-6.4438242, 43.5495023], [-6.4454338, 43.5490617], [-6.4462276, 43.5491873], [-6.4486138, 43.5483912], [-6.4490403, 43.5486547], [-6.4527651, 43.5465766], [-6.4534205, 43.5464349], [-6.4519505, 43.5446891], [-6.4525579, 43.5446023], [-6.4523268, 43.543239], [-6.4543438, 43.5438661], [-6.4554299, 43.5436782], [-6.4565941, 43.5431624], [-6.4580517, 43.5419395], [-6.4587628, 43.5419838], [-6.4595905, 43.5432253], [-6.4620053, 43.5426492], [-6.4623914, 43.5437105], [-6.4638602, 43.5458117], [-6.4669563, 43.5466345], [-6.46744, 43.5465532], [-6.4691081, 43.5452765], [-6.4697042, 43.5452059], [-6.4714074, 43.543812], [-6.4727771, 43.5431374], [-6.4752121, 43.5404743], [-6.477497, 43.5386129], [-6.4801209, 43.5370695], [-6.4804745, 43.5380141], [-6.4809053, 43.5383936], [-6.4828695, 43.5373246], [-6.4830966, 43.5369926], [-6.4852681, 43.5364755], [-6.4861534, 43.53508], [-6.4865383, 43.5350096], [-6.487439, 43.5352015], [-6.4875668, 43.5362659], [-6.4878296, 43.5366237], [-6.4896758, 43.5373463], [-6.4923019, 43.537283], [-6.4924547, 43.5376552], [-6.4972603, 43.5385587], [-6.4975104, 43.5388285], [-6.4997687, 43.5382083], [-6.5045677, 43.5388695], [-6.5076335, 43.5385937], [-6.5092964, 43.5405604], [-6.5098905, 43.5407057], [-6.5113998, 43.539289], [-6.5123185, 43.5388487], [-6.5148607, 43.5386887], [-6.5162727, 43.53794], [-6.5160585, 43.5385891], [-6.5168894, 43.5393598], [-6.5173071, 43.5404943], [-6.5199023, 43.5407494], [-6.5249985, 43.5428419], [-6.5272044, 43.5428588], [-6.5287469, 43.5433407], [-6.5296588, 43.5443754], [-6.5295183, 43.5452117], [-6.5299302, 43.5464689], [-6.5317792, 43.5448336], [-6.5330686, 43.544367], [-6.5345265, 43.5443393], [-6.5343653, 43.5440628], [-6.5349381, 43.5430319], [-6.5359915, 43.5423169], [-6.5373378, 43.5423098], [-6.5359646, 43.54284], [-6.5368567, 43.5432797], [-6.5364019, 43.5428907], [-6.5379005, 43.5427831], [-6.5437166, 43.5393019], [-6.54464, 43.5390725], [-6.545843, 43.5399747], [-6.547698, 43.5399569], [-6.5478166, 43.5397107], [-6.5474681, 43.5389742], [-6.5480697, 43.5382303], [-6.5517378, 43.5357833], [-6.5546929, 43.5349035], [-6.5611139, 43.5342575], [-6.570177, 43.5316368], [-6.57195, 43.5317923], [-6.573949, 43.5330609], [-6.5788303, 43.5322218], [-6.5823715, 43.5326359], [-6.58312, 43.5329424], [-6.5841852, 43.5343041], [-6.5867143, 43.5361316], [-6.5881868, 43.5360561], [-6.5924519, 43.5370433], [-6.5944329, 43.5370346], [-6.5958736, 43.5364994], [-6.5973378, 43.5364739], [-6.5981365, 43.5370294], [-6.6023177, 43.5383195], [-6.6037403, 43.5393318], [-6.6067719, 43.539137], [-6.6075763, 43.5393947], [-6.6080939, 43.5400125], [-6.608867, 43.5403414], [-6.6125822, 43.5402321], [-6.613879, 43.541924], [-6.6149356, 43.5423986], [-6.6171005, 43.5423519], [-6.6175416, 43.5425418], [-6.6200347, 43.542219], [-6.6212213, 43.5423427], [-6.6223697, 43.5430507], [-6.6225464, 43.5438911], [-6.6215723, 43.5456228], [-6.6206397, 43.5463761], [-6.6208427, 43.5464908], [-6.6225704, 43.5457685], [-6.6235131, 43.5447349], [-6.6250003, 43.5439871], [-6.624874, 43.5432796], [-6.6253939, 43.5427454], [-6.625731, 43.5435799], [-6.6266465, 43.5438136], [-6.6275024, 43.542586], [-6.6286622, 43.5419615], [-6.6295803, 43.540899], [-6.6310539, 43.5409505], [-6.6314506, 43.5413195], [-6.6314998, 43.5420106], [-6.6317769, 43.5404961], [-6.6323208, 43.5414522], [-6.6342209, 43.5429101], [-6.6374366, 43.544071], [-6.6381732, 43.5439923], [-6.6389156, 43.5445696], [-6.6405045, 43.5435282], [-6.6424906, 43.5439447], [-6.6447769, 43.5438626], [-6.6476568, 43.5451272], [-6.6484095, 43.5450078], [-6.6499232, 43.5453204], [-6.651016, 43.5451408], [-6.6522417, 43.5459606], [-6.6523086, 43.5463116], [-6.6516314, 43.5466849], [-6.6520376, 43.5474413], [-6.6527206, 43.5479783], [-6.6561362, 43.5485372], [-6.6618564, 43.5460762], [-6.6628575, 43.5449842], [-6.6643406, 43.5452626], [-6.6648112, 43.5457092], [-6.6660124, 43.5456723], [-6.6674703, 43.5449092], [-6.6681335, 43.5450951], [-6.6715661, 43.5432795], [-6.6718459, 43.543446], [-6.6722995, 43.5448396], [-6.6730103, 43.5443753], [-6.6738904, 43.5447926], [-6.6750917, 43.5438574], [-6.6756484, 43.5423847], [-6.6762818, 43.5415479], [-6.6769081, 43.5418801], [-6.6780358, 43.5409695], [-6.6788938, 43.5411526], [-6.6796425, 43.5395142], [-6.6804493, 43.538743], [-6.6820365, 43.5398426], [-6.6828323, 43.5400711], [-6.6835425, 43.5399548], [-6.6848859, 43.5391272], [-6.6864336, 43.5391994], [-6.6880765, 43.5386555], [-6.6895375, 43.5378192], [-6.6931596, 43.5377111], [-6.6948271, 43.5381036], [-6.6978224, 43.5373361], [-6.7045376, 43.5362502], [-6.7087906, 43.5371828], [-6.7092173, 43.5354626], [-6.7120653, 43.5362119], [-6.713949, 43.537143], [-6.7158522, 43.5395778], [-6.7176908, 43.5403548], [-6.7185104, 43.5403536], [-6.7200661, 43.5396326], [-6.7228866, 43.5394204], [-6.7231656, 43.5400451], [-6.7245161, 43.5403263], [-6.7245769, 43.5412239], [-6.7271799, 43.5421382], [-6.7307642, 43.5394215], [-6.7338542, 43.540143], [-6.7374125, 43.5397636], [-6.7432047, 43.5401544], [-6.7453073, 43.5389534], [-6.7473879, 43.538505], [-6.7479946, 43.538673], [-6.7508753, 43.5385626], [-6.7552049, 43.5377329], [-6.7571325, 43.5376389], [-6.7608692, 43.5380859], [-6.7630789, 43.5388209], [-6.7652111, 43.5386978], [-6.7684245, 43.5401708], [-6.77339, 43.5391453], [-6.7735604, 43.5401905], [-6.7744098, 43.5413141], [-6.774445, 43.5424668], [-6.7758651, 43.5424646], [-6.7768979, 43.5433345], [-6.779025, 43.5441581], [-6.7836623, 43.5446551], [-6.7840065, 43.5445949], [-6.7840118, 43.5443015], [-6.7870326, 43.5447556], [-6.7872582, 43.5441139], [-6.7881391, 43.544668], [-6.7886869, 43.5444988], [-6.7919956, 43.5446128], [-6.7933181, 43.5442904], [-6.7957018, 43.545126], [-6.7964164, 43.5447616], [-6.7965979, 43.5451545], [-6.7983107, 43.5455878], [-6.801017, 43.5452647], [-6.8023172, 43.5461548], [-6.8067735, 43.5469666], [-6.8069157, 43.5475401], [-6.8097809, 43.5479489], [-6.8099301, 43.5473784], [-6.8113144, 43.5475055], [-6.8126411, 43.5478496], [-6.8136468, 43.5484873], [-6.8144866, 43.5486072], [-6.8186004, 43.5483677], [-6.8209767, 43.5475932], [-6.8222341, 43.5476958], [-6.8230952, 43.5482238], [-6.8236957, 43.5490288], [-6.8258648, 43.5496543], [-6.8262133, 43.5503611], [-6.8279644, 43.5509617], [-6.8308044, 43.5515037], [-6.8330547, 43.5531981], [-6.8370809, 43.5530686], [-6.8371691, 43.5539024], [-6.8374638, 43.5541347], [-6.8387294, 43.5539572], [-6.8389608, 43.5536802], [-6.8413274, 43.5541776], [-6.8422017, 43.5533617], [-6.8432483, 43.5529516], [-6.8455403, 43.5526491], [-6.8466356, 43.5518892], [-6.8475848, 43.552101], [-6.8490543, 43.5525836], [-6.850242, 43.5543874], [-6.8529077, 43.5560378], [-6.8528245, 43.5574432], [-6.8542276, 43.5583447], [-6.8584007, 43.5590855], [-6.8598174, 43.5597293], [-6.86166, 43.5581861], [-6.8652405, 43.5561386], [-6.8672344, 43.5551884], [-6.8685138, 43.5549504], [-6.8723034, 43.5548975], [-6.8729361, 43.5553251], [-6.8747634, 43.555057], [-6.8760751, 43.555522], [-6.8764202, 43.5552137], [-6.8767378, 43.5557542], [-6.8785082, 43.5566677], [-6.879498, 43.5566061], [-6.8801441, 43.5568903], [-6.8813632, 43.5556343], [-6.8825496, 43.5560854], [-6.8829453, 43.5568496], [-6.8845334, 43.5576809], [-6.8889987, 43.5580655], [-6.8895615, 43.5564614], [-6.8910145, 43.5551247], [-6.8921634, 43.5545309], [-6.8932616, 43.5532023], [-6.8945626, 43.553237], [-6.8951539, 43.5518166], [-6.8969372, 43.549937], [-6.9007647, 43.5467622], [-6.9023798, 43.5461927], [-6.9040028, 43.5441958], [-6.9066619, 43.5425814], [-6.9081378, 43.542255], [-6.9124197, 43.5420822], [-6.9153086, 43.5413532], [-6.9164793, 43.5405442], [-6.92018, 43.53916], [-6.9243, 43.53676], [-6.92739, 43.5359], [-6.9283216, 43.535856], [-6.9312713, 43.5369164], [-6.93254, 43.53676], [-6.9337066, 43.5357115], [-6.935765, 43.5365092], [-6.9350027, 43.5350443], [-6.9353956, 43.5343869], [-6.940831, 43.5343911], [-6.9412783, 43.5324119], [-6.9444453, 43.5320914], [-6.9461135, 43.5322054], [-6.9471171, 43.531879], [-6.9489291, 43.5319577], [-6.9503548, 43.5316895], [-6.9511248, 43.531276], [-6.9550687, 43.5312798], [-6.9568579, 43.5306366], [-6.9575149, 43.5298104], [-6.9593923, 43.5288451], [-6.960586, 43.5285102], [-6.9622154, 43.5284642], [-6.9693963, 43.5297599], [-6.9712186, 43.5304988], [-6.9849175, 43.5339407], [-6.9864081, 43.5348435], [-6.9880308, 43.5347638], [-6.9948714, 43.5365472], [-6.9974727, 43.5378558], [-7.0070609, 43.5403464], [-7.0114101, 43.5401297], [-7.0148167, 43.5392277], [-7.0181363, 43.5391679], [-7.0198741, 43.54007], [-7.0198141, 43.5414086], [-7.0212212, 43.5427769], [-7.0210584, 43.5429458], [-7.0212415, 43.5431384], [-7.0215594, 43.5430463], [-7.021674, 43.5426608], [-7.0220658, 43.5425897], [-7.0236832, 43.5428594], [-7.0391177, 43.5427839], [-7.0398477, 43.5426165], [-7.0398932, 43.5420002], [-7.0401683, 43.5431123], [-7.0376645, 43.5430259], [-7.0378347, 43.5418409], [-7.0387747, 43.5404691], [-7.0388582, 43.5399752], [-7.0393795, 43.5398245], [-7.0423469, 43.5373857], [-7.0429178, 43.5375113], [-7.0450411, 43.5348062], [-7.0487008, 43.5343966], [-7.0502288, 43.5345544], [-7.0541483, 43.5327478], [-7.0539959, 43.5320119], [-7.0533873, 43.5315029], [-7.0536999, 43.5307527], [-7.0544482, 43.5304469], [-7.0550383, 43.5296432], [-7.0561739, 43.5296447], [-7.0610029, 43.5251278], [-7.0627731, 43.5245309], [-7.0644565, 43.523336], [-7.0666111, 43.5222449], [-7.0678758, 43.5221436], [-7.06804, 43.5212665], [-7.0704154, 43.5202695], [-7.0717033, 43.5186541], [-7.0742345, 43.5165776], [-7.0785268, 43.5157437], [-7.0802229, 43.5160287], [-7.0819537, 43.5145975], [-7.0852066, 43.5140347], [-7.0856871, 43.5132346], [-7.0867049, 43.5124936], [-7.0881635, 43.5128759], [-7.0919272, 43.5121604], [-7.0958359, 43.5103259], [-7.0991676, 43.5098465], [-7.0997843, 43.5093009], [-7.0987151, 43.5080741], [-7.0985635, 43.5074482], [-7.0988363, 43.5069986], [-7.0993412, 43.5069525], [-7.1002619, 43.5062779], [-7.1038757, 43.5064868], [-7.1074271, 43.5054756], [-7.1081211, 43.5055413], [-7.1095809, 43.5063242], [-7.1142067, 43.5048143], [-7.1144218, 43.5046645], [-7.1143965, 43.5040659], [-7.1157451, 43.5023829], [-7.1151424, 43.5014955], [-7.1151661, 43.5011104], [-7.1159016, 43.5014048], [-7.1228045, 43.5000676], [-7.1230324, 43.5005128], [-7.1237969, 43.5008332], [-7.1292414, 43.5004179], [-7.131637, 43.5004762], [-7.1340163, 43.4997583], [-7.1372879, 43.499351], [-7.1399917, 43.4983591], [-7.1409446, 43.4974262], [-7.1416774, 43.4973877], [-7.1411569, 43.4968139], [-7.1424236, 43.4969506], [-7.1445334, 43.4963288], [-7.1443138, 43.4967407], [-7.1447085, 43.4970712], [-7.1459794, 43.4969141], [-7.1480372, 43.4976153], [-7.148679, 43.4975998], [-7.1484961, 43.4978135], [-7.1511777, 43.4987946], [-7.1534808, 43.4999562], [-7.1543133, 43.5007917], [-7.1551938, 43.5009484], [-7.1571565, 43.5007316], [-7.1584478, 43.4998521], [-7.1616372, 43.4992539], [-7.1632849, 43.4985233], [-7.1650842, 43.4985147], [-7.1670771, 43.4989333], [-7.1703125, 43.4991328], [-7.1724614, 43.4991029], [-7.1736322, 43.4986822], [-7.1755773, 43.4984708], [-7.1758345, 43.4986142], [-7.1759053, 43.4991807], [-7.1773151, 43.4989566], [-7.1818031, 43.4972612], [-7.1828785, 43.4973855], [-7.1847232, 43.4966086], [-7.1876952, 43.4960556], [-7.1890631, 43.4952978], [-7.1922888, 43.4942626], [-7.1937096, 43.4931193], [-7.1960719, 43.4919567], [-7.1972764, 43.4916403], [-7.1999497, 43.4933099], [-7.2008313, 43.4933406], [-7.2024786, 43.4914566], [-7.2029409, 43.4902867], [-7.2064341, 43.48958], [-7.2084856, 43.488427], [-7.2095874, 43.4891821], [-7.2105467, 43.4907945], [-7.2107388, 43.4919351], [-7.2122013, 43.4928354], [-7.2161061, 43.4936398], [-7.2173386, 43.4929111], [-7.2220908, 43.4916018], [-7.2245495, 43.4895133], [-7.2250996, 43.4898871], [-7.2266419, 43.4902532], [-7.2289415, 43.4891149], [-7.2308724, 43.488807], [-7.2326606, 43.4888442], [-7.2339284, 43.4882262], [-7.2337546, 43.4872886], [-7.2341241, 43.4868476], [-7.236126, 43.4871786], [-7.2374041, 43.4876704], [-7.2383011, 43.4876519], [-7.2386426, 43.4873422], [-7.2390211, 43.4859305], [-7.2395142, 43.4856254], [-7.2408623, 43.4856747], [-7.2420252, 43.4875019], [-7.2512253, 43.4868859], [-7.2525414, 43.4860149], [-7.2522002, 43.4851735], [-7.2538644, 43.4848258], [-7.2552648, 43.4855439], [-7.258172, 43.4857843], [-7.2582495, 43.4862105], [-7.2593626, 43.4860954], [-7.2604218, 43.4865568], [-7.2630112, 43.4869292], [-7.2647765, 43.4877867], [-7.2681616, 43.4866839], [-7.2710817, 43.485401], [-7.2725074, 43.4851843], [-7.2755139, 43.4852431], [-7.2774462, 43.4858772], [-7.2797417, 43.4854411], [-7.282812, 43.4841855], [-7.2854152, 43.4834363], [-7.2903681, 43.480065], [-7.290228, 43.4798264], [-7.2937091, 43.4786124], [-7.2948131, 43.4779521], [-7.2962228, 43.4762415], [-7.2959864, 43.4746397], [-7.2994118, 43.4741922], [-7.2996718, 43.4739546], [-7.2995642, 43.4733542], [-7.2998779, 43.4733492], [-7.2999061, 43.4727793], [-7.2993554, 43.472066], [-7.2994967, 43.4706635], [-7.2998408, 43.4698548], [-7.3010424, 43.4690735], [-7.3020426, 43.4680119], [-7.3060466, 43.4675152], [-7.3068381, 43.4662484], [-7.3072298, 43.4661354], [-7.307913, 43.4652969], [-7.3101931, 43.4640924], [-7.3137557, 43.4616635], [-7.3182567, 43.456489], [-7.3183499, 43.4555175], [-7.3236185, 43.4516494], [-7.3258703, 43.4507342], [-7.3300149, 43.450536], [-7.3309946, 43.4508643], [-7.3354191, 43.4500724], [-7.3381025, 43.4499079], [-7.3392236, 43.449462], [-7.3401636, 43.4494086], [-7.3400878, 43.4485587], [-7.3409491, 43.4480782], [-7.3417986, 43.4471245], [-7.3417884, 43.4469018], [-7.340286, 43.4462719], [-7.3402759, 43.4451541], [-7.342318, 43.4433788], [-7.3434783, 43.4429313], [-7.3441493, 43.4422727], [-7.3448472, 43.4425297], [-7.3453629, 43.4423149], [-7.3473368, 43.4430872], [-7.3495705, 43.4426341], [-7.3494978, 43.4416477], [-7.3484864, 43.4411867], [-7.3499039, 43.4399694], [-7.3513299, 43.4405161], [-7.3516873, 43.4417835], [-7.3524715, 43.4419475], [-7.3547191, 43.4397576], [-7.357716, 43.4390055], [-7.3580458, 43.4380359], [-7.3600413, 43.4355617], [-7.3595023, 43.433253], [-7.3602983, 43.4318417], [-7.3621432, 43.4298706], [-7.3621454, 43.4291468], [-7.3630977, 43.4286088], [-7.3631992, 43.4280462], [-7.3628983, 43.4275614], [-7.3655519, 43.426204], [-7.3666965, 43.425069], [-7.3641515, 43.4261686], [-7.3629354, 43.425708], [-7.3638904, 43.4245775], [-7.3650815, 43.4224009], [-7.3658586, 43.4217937], [-7.3659596, 43.4212771], [-7.3655757, 43.4206717], [-7.3639874, 43.4196908], [-7.3636073, 43.4189168], [-7.3637629, 43.4183465], [-7.3624985, 43.4167921], [-7.362251, 43.4156913], [-7.3645703, 43.4136884], [-7.3671165, 43.4123247], [-7.3661256, 43.4105561], [-7.367076, 43.4096927], [-7.3670786, 43.4090791], [-7.3681947, 43.4072947], [-7.3684565, 43.4061404], [-7.3677792, 43.4049262], [-7.3681563, 43.4042397], [-7.3704535, 43.4028915], [-7.3709794, 43.4020418], [-7.3725052, 43.401433], [-7.3740227, 43.4002265], [-7.3754841, 43.3996949], [-7.3780431, 43.3993811], [-7.376803, 43.3984376], [-7.3773549, 43.3980053], [-7.3782322, 43.3978016], [-7.3803147, 43.3963776], [-7.3816211, 43.3962625], [-7.3821691, 43.3957635], [-7.3840222, 43.3950985], [-7.3852283, 43.3959845], [-7.3860393, 43.3960261], [-7.3860293, 43.395186], [-7.3864472, 43.3947379], [-7.392679, 43.3918474], [-7.3936622, 43.3916529], [-7.3943506, 43.3922616], [-7.3963447, 43.3919664], [-7.3973769, 43.3929684], [-7.39727, 43.3936442], [-7.3975871, 43.3936569], [-7.3989892, 43.392205], [-7.3986321, 43.3908384], [-7.3988687, 43.3896623], [-7.403227, 43.388133], [-7.4038797, 43.3881486], [-7.4047612, 43.3888332], [-7.4066937, 43.3884869], [-7.4070736, 43.3877672], [-7.4101075, 43.3859271], [-7.414675, 43.3836303], [-7.4149066, 43.3832777], [-7.4148138, 43.3829309], [-7.4174496, 43.3814516], [-7.4168605, 43.3811387], [-7.4176464, 43.3795856], [-7.4183412, 43.3805163], [-7.4193101, 43.3809267], [-7.4188651, 43.3800862], [-7.4192286, 43.3789085], [-7.4190671, 43.3777127], [-7.4203337, 43.3790297], [-7.4236036, 43.3780019], [-7.4247606, 43.3782171], [-7.4249341, 43.378475], [-7.4290518, 43.3786864], [-7.4293074, 43.3791986], [-7.4296541, 43.379335], [-7.4299031, 43.3803005], [-7.4319087, 43.3820501], [-7.4356057, 43.3801062], [-7.4392975, 43.3790292], [-7.4403886, 43.3789906], [-7.4421823, 43.3794668], [-7.4428137, 43.3793572], [-7.4448808, 43.3786279], [-7.444965, 43.3780913], [-7.4454584, 43.3775586], [-7.4463452, 43.3783815], [-7.4477798, 43.3789069], [-7.449578, 43.3740235], [-7.4516093, 43.3718709], [-7.4526344, 43.3712425], [-7.4539897, 43.3711649], [-7.4549476, 43.3714633], [-7.4608149, 43.3707928], [-7.4626106, 43.370963], [-7.4643811, 43.370067], [-7.4661911, 43.3701931], [-7.4673927, 43.3689889], [-7.4691534, 43.3664647], [-7.4707245, 43.3654642], [-7.472003, 43.3652183], [-7.4723404, 43.3648265], [-7.4723418, 43.3644161], [-7.4753264, 43.3635453], [-7.4756755, 43.3638746], [-7.4780569, 43.3640762], [-7.479548, 43.3649929], [-7.4806915, 43.364292], [-7.482807, 43.3636503], [-7.4863869, 43.3638546], [-7.4878559, 43.3636508], [-7.4880311, 43.3638996], [-7.4896744, 43.3640248], [-7.4914507, 43.3619373], [-7.4946749, 43.3609784], [-7.495658, 43.3597414], [-7.4961194, 43.3598564], [-7.4970203, 43.359101], [-7.5000739, 43.3600443], [-7.500537, 43.3593015], [-7.501366, 43.3587154], [-7.5032333, 43.3577574], [-7.5043402, 43.3576962], [-7.5055197, 43.3568643], [-7.505994, 43.3549719], [-7.50798, 43.353656], [-7.5090609, 43.352561], [-7.5161008, 43.3501967], [-7.5187114, 43.3481055], [-7.5208141, 43.3476569], [-7.5220776, 43.3469702], [-7.5270035, 43.3467341], [-7.5268479, 43.3458932], [-7.5270144, 43.3458235], [-7.5294699, 43.3456283], [-7.5305822, 43.3452153], [-7.5338777, 43.3452915], [-7.5367243, 43.3442649], [-7.5371264, 43.3444105], [-7.5386006, 43.3441338], [-7.5393472, 43.3445023], [-7.5403753, 43.3438991], [-7.5429792, 43.3437476], [-7.5434884, 43.3433313], [-7.5445345, 43.343629], [-7.5454392, 43.3435808], [-7.5478808, 43.3426352], [-7.5520385, 43.3419968], [-7.5559071, 43.3382331], [-7.5576916, 43.337725], [-7.5576594, 43.3372425], [-7.5601323, 43.3350719], [-7.5625091, 43.3324409], [-7.5628675, 43.3316407], [-7.5649519, 43.3303472], [-7.5657225, 43.3292654], [-7.5678677, 43.327609], [-7.5741544, 43.3266195], [-7.5804726, 43.3245871], [-7.5850487, 43.3226275], [-7.5892791, 43.3197525], [-7.5911285, 43.31933], [-7.5965384, 43.3166859], [-7.6012851, 43.3158493], [-7.6093085, 43.3184949], [-7.6120562, 43.3182263], [-7.6129078, 43.3179298], [-7.6149009, 43.3182934], [-7.6179299, 43.3169559], [-7.6197578, 43.3179518], [-7.6234554, 43.3169234], [-7.6256289, 43.3160305], [-7.6266099, 43.3162001], [-7.6270021, 43.3165422], [-7.6269466, 43.316912], [-7.6289564, 43.3164151], [-7.6326318, 43.3163287], [-7.6373902, 43.3175681], [-7.6391932, 43.3175313], [-7.6427625, 43.3168465], [-7.6470377, 43.3171152], [-7.648619, 43.3151825], [-7.6524456, 43.3120335], [-7.6540281, 43.3110243], [-7.6575685, 43.309236], [-7.6623435, 43.3072616], [-7.6631664, 43.3071339], [-7.6638947, 43.3075536], [-7.6654503, 43.307517], [-7.665688, 43.3072388], [-7.6649666, 43.3067029], [-7.6647812, 43.3061556], [-7.6649179, 43.3068802], [-7.6659579, 43.3074439], [-7.6673858, 43.3069593], [-7.6713324, 43.3043447], [-7.6743525, 43.3014386], [-7.6787427, 43.2992999], [-7.6788235, 43.2995331], [-7.6811553, 43.2990701], [-7.6824638, 43.298675], [-7.6839088, 43.2978763], [-7.6843862, 43.2974964], [-7.6847925, 43.2964886], [-7.6849069, 43.2952226], [-7.6847153, 43.2944173], [-7.6852764, 43.2933326], [-7.6863674, 43.2926647], [-7.687091, 43.2913], [-7.6877798, 43.2912309], [-7.6881131, 43.2914423], [-7.6895506, 43.2911628], [-7.6909093, 43.2895201], [-7.6907321, 43.2886263], [-7.6910387, 43.2880972], [-7.6943928, 43.2869869], [-7.6964993, 43.2858748], [-7.698752, 43.2853079], [-7.7008928, 43.2838057], [-7.7012052, 43.2830216], [-7.7030225, 43.2821426], [-7.7044098, 43.2818126], [-7.7052777, 43.2810193], [-7.7049098, 43.2806838], [-7.7062029, 43.2796073], [-7.7061723, 43.2791382], [-7.7087181, 43.2784553], [-7.7086777, 43.2779843], [-7.7093403, 43.2773263], [-7.7094131, 43.2769362], [-7.7092286, 43.2761797], [-7.708845, 43.2758653], [-7.7088205, 43.2744208], [-7.7078883, 43.2726377], [-7.7087249, 43.2708328], [-7.7095695, 43.2701709], [-7.7103055, 43.2677839], [-7.7101951, 43.2667127], [-7.7104674, 43.2660653], [-7.711041, 43.2656344], [-7.709867, 43.2648535], [-7.7110467, 43.261168], [-7.710878, 43.2607562], [-7.7110273, 43.2603297], [-7.7115763, 43.259476], [-7.7122545, 43.2591691], [-7.7137579, 43.2577119], [-7.7151984, 43.2572132], [-7.7158287, 43.2562991], [-7.715925, 43.2553193], [-7.7167708, 43.2539556], [-7.7202029, 43.2506051], [-7.720894, 43.2494691], [-7.7214763, 43.2490137], [-7.7231508, 43.248475], [-7.7233967, 43.2480431], [-7.7234784, 43.2472271], [-7.723014, 43.2461326], [-7.7247978, 43.2446615], [-7.7252769, 43.2428896], [-7.725179, 43.2396455], [-7.7243367, 43.2372555], [-7.7243501, 43.2367134], [-7.7254922, 43.236709], [-7.726526, 43.2357838], [-7.7282963, 43.2353787], [-7.7287158, 43.2358447], [-7.7297722, 43.2361626], [-7.7310781, 43.2343987], [-7.7329492, 43.2343684], [-7.7336167, 43.2340134], [-7.7344732, 43.2314566], [-7.7347812, 43.2296168], [-7.734417, 43.2290528], [-7.7317963, 43.2288049], [-7.7310579, 43.2281379], [-7.7288411, 43.2220596], [-7.7290528, 43.2214297], [-7.7283335, 43.2202424], [-7.7293581, 43.2193105], [-7.7303007, 43.2177657], [-7.730049, 43.2173141], [-7.7309198, 43.2162505], [-7.7312588, 43.2115507], [-7.7306449, 43.2103767], [-7.731328, 43.2100555], [-7.7316955, 43.2093361], [-7.7311349, 43.2087662], [-7.7328615, 43.2056927], [-7.7330474, 43.2030952], [-7.7341415, 43.2010611], [-7.7333714, 43.1997184], [-7.7329278, 43.1971549], [-7.7332328, 43.1950486], [-7.7336764, 43.1943254], [-7.735229, 43.193446], [-7.7372807, 43.1915214], [-7.7373392, 43.1906588], [-7.7382302, 43.1887524], [-7.7384347, 43.1876874], [-7.7385671, 43.1852806], [-7.738289, 43.184963], [-7.739829, 43.180473], [-7.7394404, 43.1784629], [-7.7400198, 43.1767909], [-7.7469544, 43.179051], [-7.7516363, 43.1798276], [-7.7527684, 43.1788254], [-7.7542183, 43.1781794], [-7.7553806, 43.1782288], [-7.7573317, 43.1740468], [-7.7710792, 43.1717621], [-7.7739121, 43.17185], [-7.7764325, 43.1728908], [-7.7778322, 43.1731276], [-7.7793556, 43.1730004], [-7.78347, 43.1719987], [-7.7926938, 43.1725762], [-7.7929967, 43.1724908], [-7.7930011, 43.1718021], [-7.7948247, 43.1710758], [-7.7973194, 43.1713848], [-7.7990774, 43.1708196], [-7.7995054, 43.169671], [-7.7993735, 43.1692878], [-7.8010401, 43.167837], [-7.8021908, 43.1679627], [-7.8034993, 43.1676209], [-7.8047708, 43.1677912], [-7.8068929, 43.1672611], [-7.8087618, 43.1662522], [-7.8103939, 43.1657459], [-7.8119352, 43.16404], [-7.8113879, 43.1632439], [-7.8107947, 43.1616128], [-7.8114582, 43.1603998], [-7.8110677, 43.1590621], [-7.8113903, 43.157098], [-7.8133914, 43.154768], [-7.8149672, 43.1535318], [-7.8149152, 43.1527052], [-7.8157473, 43.1500136], [-7.8155971, 43.147966], [-7.8167058, 43.1471514], [-7.8186071, 43.147323], [-7.8210366, 43.1460464], [-7.8213247, 43.1454521], [-7.8218257, 43.1451529], [-7.8236191, 43.145124], [-7.8245387, 43.143928], [-7.8241938, 43.1427513], [-7.8230849, 43.1414014], [-7.8229282, 43.1404711], [-7.8233971, 43.1392706], [-7.8245162, 43.1379399], [-7.8244943, 43.1371309], [-7.8225938, 43.1330442], [-7.8222894, 43.1317463], [-7.8216338, 43.1312898], [-7.8187773, 43.1322573], [-7.8147697, 43.1327009], [-7.8142386, 43.1310748], [-7.8135182, 43.1307873], [-7.813049, 43.13005], [-7.8127434, 43.1276508], [-7.8151298, 43.12612], [-7.81542, 43.1241531], [-7.8156552, 43.1234639], [-7.8160651, 43.1231637], [-7.8161903, 43.1217532], [-7.8157761, 43.1208654], [-7.8160172, 43.1202839], [-7.8157496, 43.1190342], [-7.8160682, 43.1170677], [-7.815565, 43.115805], [-7.8181442, 43.1154672], [-7.823613, 43.1171985], [-7.8244399, 43.1164247], [-7.8272298, 43.1163448], [-7.8332468, 43.1175911], [-7.8345299, 43.1174499], [-7.8346757, 43.1160703], [-7.8356822, 43.1158446], [-7.838364, 43.1160674], [-7.8405776, 43.1156378], [-7.8414664, 43.1142822], [-7.8409563, 43.1138122], [-7.8420271, 43.113533], [-7.8430316, 43.113669], [-7.8445481, 43.113243], [-7.844869, 43.1128317], [-7.8467471, 43.112508], [-7.8489576, 43.1108973], [-7.8499099, 43.109129], [-7.8500092, 43.1082847], [-7.8522127, 43.106844], [-7.8533374, 43.1064023], [-7.8538351, 43.1057266], [-7.8573286, 43.1041956], [-7.8591957, 43.1038153], [-7.8600853, 43.1033591], [-7.8607268, 43.1020935], [-7.8629679, 43.1006694], [-7.8664318, 43.0997125], [-7.8677034, 43.0989974], [-7.8683516, 43.0982962], [-7.871338, 43.0977879], [-7.8725643, 43.0969763], [-7.875688, 43.0966422], [-7.8790157, 43.0957457], [-7.8818569, 43.0966446], [-7.8828577, 43.0964003], [-7.8836868, 43.0955254], [-7.8839699, 43.0944346], [-7.8832582, 43.0929398], [-7.8835677, 43.0920719], [-7.8834855, 43.0916139], [-7.8813099, 43.089222], [-7.8810351, 43.087726], [-7.8812159, 43.0871501], [-7.87991, 43.084199], [-7.878688, 43.082422], [-7.878433, 43.080907], [-7.8779569, 43.080306], [-7.8813704, 43.0782694], [-7.8833233, 43.0765013], [-7.8844491, 43.076109], [-7.8859954, 43.0747443], [-7.8896648, 43.0731382], [-7.8925211, 43.0728218], [-7.8961386, 43.0739053], [-7.8988767, 43.0730434], [-7.8996554, 43.0717778], [-7.8990115, 43.0701275], [-7.9011042, 43.0691653], [-7.9013743, 43.0678921], [-7.9012878, 43.0667702], [-7.9018803, 43.0662977], [-7.9037473, 43.0662703], [-7.9056374, 43.0667464], [-7.9078901, 43.0662288], [-7.9104672, 43.0672217], [-7.9114247, 43.0669486], [-7.9141029, 43.0654438], [-7.9190541, 43.0650961], [-7.9194726, 43.0644362], [-7.9194762, 43.0640976], [-7.9188745, 43.0633061], [-7.9192924, 43.0628478], [-7.9188482, 43.0621117], [-7.919219, 43.0612299], [-7.9195578, 43.0577293], [-7.9196009, 43.056255], [-7.9192802, 43.0555345], [-7.9176444, 43.0537674], [-7.9159663, 43.0529502], [-7.9145822, 43.0516668], [-7.9133466, 43.0498502], [-7.9096297, 43.0459043], [-7.9082722, 43.0433989], [-7.9083303, 43.0427325], [-7.9093006, 43.0411698], [-7.9092393, 43.0405269], [-7.910701, 43.0397965], [-7.9112028, 43.0399298], [-7.9113178, 43.0388629], [-7.9139295, 43.0386799], [-7.9144552, 43.0383194], [-7.9138873, 43.037466], [-7.9126024, 43.0370286], [-7.9105377, 43.0356215], [-7.9109663, 43.0338088], [-7.911723, 43.0329963], [-7.9160365, 43.0319994], [-7.9183356, 43.0325297], [-7.9344827, 43.0322921], [-7.9363712, 43.0328813], [-7.9371894, 43.0338705], [-7.9378686, 43.0342655], [-7.9404599, 43.0342564], [-7.9413698, 43.0345202], [-7.9426826, 43.0352722], [-7.9439557, 43.0364179], [-7.9452533, 43.0370565], [-7.9472921, 43.0392181], [-7.9488233, 43.0399161], [-7.950188, 43.0396843], [-7.9515523, 43.0387466], [-7.9551088, 43.0386308], [-7.9590352, 43.0373606], [-7.9640836, 43.0376457], [-7.9652137, 43.0389142], [-7.9674905, 43.0405105], [-7.9705418, 43.0418292], [-7.9723686, 43.0418696], [-7.973592, 43.0424671], [-7.9740935, 43.0424853], [-7.9749015, 43.0417934], [-7.9750631, 43.0413455], [-7.9760479, 43.0410123], [-7.9780898, 43.0396357], [-7.9809688, 43.0396032], [-7.9817421, 43.0381446], [-7.9825031, 43.0377501], [-7.9851526, 43.0378678], [-7.9913378, 43.0370538], [-7.9938983, 43.0371911], [-7.9957725, 43.0376028], [-8.0032055, 43.0364045], [-8.004653, 43.0365481], [-8.007354, 43.0363237], [-8.0100877, 43.0366591], [-8.0113577, 43.0376528], [-8.0176765, 43.03887], [-8.0204603, 43.0390482], [-8.0221866, 43.0401236], [-8.0233275, 43.0403662], [-8.0250943, 43.0400324], [-8.0265857, 43.0403014], [-8.0281331, 43.0396508], [-8.0293623, 43.038155], [-8.0287695, 43.0366401], [-8.0283592, 43.0363903], [-8.0311298, 43.0344723], [-8.0316064, 43.0337097], [-8.0329597, 43.0326772], [-8.0379893, 43.0300406], [-8.0443019, 43.0254778], [-8.0466189, 43.0244445], [-8.0490005, 43.0239988], [-8.0509692, 43.0224398], [-8.0542421, 43.0205094], [-8.0558212, 43.0201732], [-8.0588386, 43.0177775], [-8.0611004, 43.0172991], [-8.062555, 43.018036], [-8.0642544, 43.0184869], [-8.0646924, 43.0180871], [-8.0653245, 43.0180106], [-8.0663968, 43.0183373], [-8.0681849, 43.0183572], [-8.0711972, 43.0178802], [-8.0725783, 43.0165798], [-8.0752229, 43.0161554], [-8.07707, 43.0162443], [-8.0776891, 43.0168794], [-8.0787496, 43.0168739], [-8.0792375, 43.01676], [-8.0794094, 43.0162074], [-8.0798828, 43.0159553], [-8.081963, 43.01647], [-8.0856885, 43.0162595], [-8.0867983, 43.0165682], [-8.0905124, 43.0169124], [-8.0910904, 43.0139945], [-8.1045234, 43.0155761], [-8.1062607, 43.0155329], [-8.1078868, 43.0161173], [-8.1180557, 43.0167013], [-8.119044, 43.0156352], [-8.1218779, 43.0142207], [-8.1238042, 43.0129315], [-8.1246364, 43.0118972], [-8.1260786, 43.0084013], [-8.129906, 43.0043962], [-8.1324381, 43.0023408], [-8.1334075, 43.0019574], [-8.1349023, 42.9993989], [-8.1360264, 42.998854], [-8.1368054, 42.9947681], [-8.1374477, 42.9934948], [-8.1440551, 42.9910966], [-8.1467865, 42.988293], [-8.1475618, 42.9871842], [-8.1483493, 42.9866093], [-8.1520722, 42.9864117], [-8.1538827, 42.9851598], [-8.155505, 42.984809], [-8.1568942, 42.9836113], [-8.1574169, 42.9815367], [-8.1580954, 42.9804269], [-8.1597867, 42.9789224], [-8.1587958, 42.9776632], [-8.1585636, 42.9759685], [-8.1574891, 42.9750166], [-8.1582042, 42.9740414], [-8.1580567, 42.9728149], [-8.1582871, 42.9722241], [-8.1577526, 42.971685], [-8.1559339, 42.9667997], [-8.1539933, 42.9642725], [-8.1525348, 42.9636252], [-8.1506489, 42.9621829], [-8.1508086, 42.960513], [-8.1497464, 42.9599766], [-8.1501318, 42.9596102], [-8.1489378, 42.957941], [-8.1502092, 42.9555133], [-8.1505421, 42.9528656], [-8.1513263, 42.9510226], [-8.1525129, 42.9463201], [-8.1531004, 42.938165], [-8.1533258, 42.9376999], [-8.1537672, 42.9374812], [-8.153225, 42.9368819], [-8.1531718, 42.9362767], [-8.1536087, 42.9358898], [-8.1547188, 42.9333393], [-8.1559653, 42.9319709], [-8.1589902, 42.9303156], [-8.1608003, 42.9286359], [-8.1608639, 42.9277364], [-8.1605037, 42.927281], [-8.31, 42.9], [-8.374, 42.909], [-8.505, 42.89], [-8.5445, 42.8806]]}}]}